order_item_id,order_id,order_date,customer_id,product_id,quantity,unit_price,revenue,status
1,1,2026-01-21,468,52,2,340.83,681.66,Completed
2,2,2026-03-30,289,77,3,82.37,247.11,Processing
3,2,2026-03-30,289,58,2,425.26,850.52,Processing
4,2,2026-03-30,289,52,2,340.83,681.66,Processing
5,2,2026-03-30,289,27,3,388.74,1166.22,Processing
6,3,2025-12-25,236,65,1,392.05,392.05,Completed
7,3,2025-12-25,236,1,2,341.27,682.54,Completed
8,3,2025-12-25,236,14,1,343.34,343.34,Completed
9,4,2024-05-13,385,14,2,343.34,686.68,Completed
10,4,2024-05-13,385,75,2,120.94,241.88,Completed
11,4,2024-05-13,385,87,3,264.83,794.49,Completed
12,4,2024-05-13,385,52,3,340.83,1022.49,Completed
13,5,2024-08-19,44,78,3,68.42,205.26,Shipped
14,5,2024-08-19,44,72,4,310.88,1243.52,Shipped
15,5,2024-08-19,44,46,2,98.83,197.66,Shipped
16,5,2024-08-19,44,25,2,366.6,733.2,Shipped
17,6,2023-09-11,188,95,2,423.64,847.28,Completed
18,6,2023-09-11,188,15,3,53.9,161.7,Completed
19,6,2023-09-11,188,96,3,349.93,1049.79,Completed
20,6,2023-09-11,188,17,2,425.88,851.76,Completed
21,6,2023-09-11,188,87,2,264.83,529.66,Completed
22,7,2024-02-22,309,98,4,223.42,893.68,Completed
23,7,2024-02-22,309,41,2,122.45,244.9,Completed
24,7,2024-02-22,309,50,2,243.34,486.68,Completed
25,7,2024-02-22,309,11,3,128.21,384.63,Completed
26,7,2024-02-22,309,59,2,453.63,907.26,Completed
27,8,2023-11-21,8,17,3,425.88,1277.64,Completed
28,8,2023-11-21,8,88,2,253.31,506.62,Completed
29,8,2023-11-21,8,44,4,21.82,87.28,Completed
30,9,2025-03-29,330,71,2,250.35,500.7,Completed
31,9,2025-03-29,330,98,4,223.42,893.68,Completed
32,9,2025-03-29,330,54,3,341.99,1025.97,Completed
33,10,2026-03-15,77,13,4,424.42,1697.68,Shipped
34,10,2026-03-15,77,21,3,287.87,863.61,Shipped
35,10,2026-03-15,77,49,4,193.89,775.56,Shipped
36,11,2023-12-26,68,12,1,477.56,477.56,Completed
37,11,2023-12-26,68,11,3,128.21,384.63,Completed
38,12,2025-08-09,69,70,1,439.46,439.46,Completed
39,12,2025-08-09,69,95,4,423.64,1694.56,Completed
40,12,2025-08-09,69,43,2,446.64,893.28,Completed
41,13,2023-10-09,103,64,2,79.12,158.24,Processing
42,13,2023-10-09,103,83,1,284.61,284.61,Processing
43,13,2023-10-09,103,5,4,197.87,791.48,Processing
44,13,2023-10-09,103,54,4,341.99,1367.96,Processing
45,13,2023-10-09,103,31,3,314.73,944.19,Processing
46,14,2025-07-02,305,35,4,144.6,578.4,Completed
47,14,2025-07-02,305,60,2,210.31,420.62,Completed
48,14,2025-07-02,305,38,2,49.02,98.04,Completed
49,14,2025-07-02,305,95,3,423.64,1270.92,Completed
50,14,2025-07-02,305,78,3,68.42,205.26,Completed
51,15,2026-03-27,267,2,3,119.71,359.13,Processing
52,15,2026-03-27,267,64,4,79.12,316.48,Processing
53,15,2026-03-27,267,63,4,163.78,655.12,Processing
54,15,2026-03-27,267,84,4,153.73,614.92,Processing
55,16,2025-02-20,237,15,1,53.9,53.9,Completed
56,16,2025-02-20,237,62,1,215.7,215.7,Completed
57,16,2025-02-20,237,19,2,402.89,805.78,Completed
58,16,2025-02-20,237,18,2,250.54,501.08,Completed
59,17,2023-10-30,367,4,1,194.26,194.26,Completed
60,17,2023-10-30,367,54,4,341.99,1367.96,Completed
61,17,2023-10-30,367,62,1,215.7,215.7,Completed
62,17,2023-10-30,367,73,4,474.1,1896.4,Completed
63,17,2023-10-30,367,9,4,58.75,235.0,Completed
64,18,2025-08-15,9,27,4,388.74,1554.96,Completed
65,18,2025-08-15,9,57,2,446.72,893.44,Completed
66,18,2025-08-15,9,99,4,273.19,1092.76,Completed
67,18,2025-08-15,9,67,1,276.75,276.75,Completed
68,18,2025-08-15,9,30,3,242.62,727.86,Completed
69,19,2023-10-14,465,18,2,250.54,501.08,Completed
70,19,2023-10-14,465,8,1,291.43,291.43,Completed
71,20,2025-07-31,338,89,4,249.17,996.68,Shipped
72,20,2025-07-31,338,29,2,305.3,610.6,Shipped
73,20,2025-07-31,338,59,1,453.63,453.63,Shipped
74,20,2025-07-31,338,19,4,402.89,1611.56,Shipped
75,21,2026-03-25,260,79,1,265.84,265.84,Completed
76,21,2026-03-25,260,67,1,276.75,276.75,Completed
77,21,2026-03-25,260,52,2,340.83,681.66,Completed
78,22,2022-10-10,218,93,2,258.69,517.38,Shipped
79,23,2025-12-26,468,43,1,446.64,446.64,Completed
80,24,2026-02-11,441,54,1,341.99,341.99,Completed
81,24,2026-02-11,441,75,4,120.94,483.76,Completed
82,24,2026-02-11,441,2,2,119.71,239.42,Completed
83,25,2025-02-03,11,50,3,243.34,730.02,Completed
84,25,2025-02-03,11,5,1,197.87,197.87,Completed
85,25,2025-02-03,11,6,3,196.57,589.71,Completed
86,25,2025-02-03,11,48,3,415.18,1245.54,Completed
87,25,2025-02-03,11,51,3,436.43,1309.29,Completed
88,26,2025-12-12,461,15,2,53.9,107.8,Completed
89,26,2025-12-12,461,74,2,179.75,359.5,Completed
90,26,2025-12-12,461,99,1,273.19,273.19,Completed
91,27,2025-12-22,171,72,1,310.88,310.88,Completed
92,27,2025-12-22,171,42,3,81.98,245.94,Completed
93,27,2025-12-22,171,93,2,258.69,517.38,Completed
94,27,2025-12-22,171,39,2,187.34,374.68,Completed
95,27,2025-12-22,171,13,3,424.42,1273.26,Completed
96,28,2026-03-25,171,27,3,388.74,1166.22,Completed
97,28,2026-03-25,171,34,4,146.82,587.28,Completed
98,29,2026-03-03,321,87,4,264.83,1059.32,Completed
99,29,2026-03-03,321,85,1,310.05,310.05,Completed
100,30,2025-06-10,14,85,1,310.05,310.05,Completed
101,30,2025-06-10,14,83,2,284.61,569.22,Completed
102,30,2025-06-10,14,19,3,402.89,1208.67,Completed
103,31,2025-04-13,28,26,1,438.17,438.17,Completed
104,32,2023-08-17,118,4,1,194.26,194.26,Completed
105,33,2024-07-31,184,19,4,402.89,1611.56,Shipped
106,33,2024-07-31,184,54,3,341.99,1025.97,Shipped
107,33,2024-07-31,184,22,1,48.79,48.79,Shipped
108,33,2024-07-31,184,48,1,415.18,415.18,Shipped
109,33,2024-07-31,184,31,3,314.73,944.19,Shipped
110,34,2025-10-16,183,100,1,380.07,380.07,Processing
111,34,2025-10-16,183,96,3,349.93,1049.79,Processing
112,34,2025-10-16,183,54,4,341.99,1367.96,Processing
113,34,2025-10-16,183,32,1,244.11,244.11,Processing
114,34,2025-10-16,183,99,3,273.19,819.57,Processing
115,35,2026-01-02,436,59,3,453.63,1360.89,Completed
116,35,2026-01-02,436,33,2,62.63,125.26,Completed
117,35,2026-01-02,436,15,2,53.9,107.8,Completed
118,35,2026-01-02,436,19,4,402.89,1611.56,Completed
119,36,2026-01-25,133,58,3,425.26,1275.78,Completed
120,36,2026-01-25,133,66,3,244.34,733.02,Completed
121,36,2026-01-25,133,34,2,146.82,293.64,Completed
122,36,2026-01-25,133,13,2,424.42,848.84,Completed
123,37,2022-09-06,347,60,4,210.31,841.24,Shipped
124,38,2025-04-01,137,74,1,179.75,179.75,Cancelled
125,38,2025-04-01,137,19,3,402.89,1208.67,Cancelled
126,38,2025-04-01,137,78,1,68.42,68.42,Cancelled
127,38,2025-04-01,137,77,4,82.37,329.48,Cancelled
128,39,2023-10-20,411,56,1,295.88,295.88,Completed
129,39,2023-10-20,411,19,4,402.89,1611.56,Completed
130,39,2023-10-20,411,95,3,423.64,1270.92,Completed
131,40,2024-12-24,346,88,4,253.31,1013.24,Completed
132,40,2024-12-24,346,76,2,334.46,668.92,Completed
133,41,2025-11-18,369,56,1,295.88,295.88,Completed
134,41,2025-11-18,369,12,2,477.56,955.12,Completed
135,41,2025-11-18,369,65,1,392.05,392.05,Completed
136,41,2025-11-18,369,96,1,349.93,349.93,Completed
137,41,2025-11-18,369,91,4,227.19,908.76,Completed
138,42,2026-02-24,196,87,2,264.83,529.66,Completed
139,42,2026-02-24,196,54,3,341.99,1025.97,Completed
140,43,2022-08-05,484,85,3,310.05,930.15,Processing
141,43,2022-08-05,484,62,2,215.7,431.4,Processing
142,43,2022-08-05,484,92,4,455.46,1821.84,Processing
143,43,2022-08-05,484,86,1,432.01,432.01,Processing
144,43,2022-08-05,484,61,1,214.17,214.17,Processing
145,44,2025-04-18,82,97,3,77.73,233.19,Completed
146,44,2025-04-18,82,67,4,276.75,1107.0,Completed
147,45,2025-12-10,130,84,4,153.73,614.92,Completed
148,45,2025-12-10,130,62,4,215.7,862.8,Completed
149,45,2025-12-10,130,57,3,446.72,1340.16,Completed
150,46,2024-11-13,218,32,2,244.11,488.22,Completed
151,46,2024-11-13,218,66,1,244.34,244.34,Completed
152,47,2025-03-03,96,88,1,253.31,253.31,Completed
153,47,2025-03-03,96,28,4,315.85,1263.4,Completed
154,47,2025-03-03,96,13,3,424.42,1273.26,Completed
155,48,2022-11-28,235,71,1,250.35,250.35,Completed
156,48,2022-11-28,235,88,3,253.31,759.93,Completed
157,48,2022-11-28,235,15,4,53.9,215.6,Completed
158,48,2022-11-28,235,42,4,81.98,327.92,Completed
159,48,2022-11-28,235,81,1,135.75,135.75,Completed
160,49,2025-06-09,54,40,3,465.16,1395.48,Completed
161,50,2024-09-14,75,42,3,81.98,245.94,Completed
162,50,2024-09-14,75,59,4,453.63,1814.52,Completed
163,50,2024-09-14,75,64,3,79.12,237.36,Completed
164,50,2024-09-14,75,65,1,392.05,392.05,Completed
165,51,2025-05-15,81,90,1,164.21,164.21,Completed
166,51,2025-05-15,81,34,4,146.82,587.28,Completed
167,51,2025-05-15,81,97,1,77.73,77.73,Completed
168,51,2025-05-15,81,31,2,314.73,629.46,Completed
169,52,2026-03-18,409,41,2,122.45,244.9,Completed
170,52,2026-03-18,409,28,1,315.85,315.85,Completed
171,52,2026-03-18,409,15,4,53.9,215.6,Completed
172,53,2026-02-16,74,63,1,163.78,163.78,Shipped
173,53,2026-02-16,74,72,3,310.88,932.64,Shipped
174,53,2026-02-16,74,65,4,392.05,1568.2,Shipped
175,53,2026-02-16,74,4,2,194.26,388.52,Shipped
176,54,2026-04-08,279,48,1,415.18,415.18,Completed
177,55,2025-06-03,142,66,4,244.34,977.36,Completed
178,55,2025-06-03,142,36,4,112.6,450.4,Completed
179,55,2025-06-03,142,41,1,122.45,122.45,Completed
180,55,2025-06-03,142,89,1,249.17,249.17,Completed
181,55,2025-06-03,142,21,1,287.87,287.87,Completed
182,56,2025-09-06,454,3,1,479.96,479.96,Completed
183,56,2025-09-06,454,67,2,276.75,553.5,Completed
184,56,2025-09-06,454,12,3,477.56,1432.68,Completed
185,56,2025-09-06,454,15,4,53.9,215.6,Completed
186,57,2022-07-04,406,92,1,455.46,455.46,Processing
187,57,2022-07-04,406,51,3,436.43,1309.29,Processing
188,57,2022-07-04,406,88,3,253.31,759.93,Processing
189,57,2022-07-04,406,66,4,244.34,977.36,Processing
190,58,2026-03-02,102,40,2,465.16,930.32,Completed
191,59,2025-09-19,309,81,4,135.75,543.0,Completed
192,59,2025-09-19,309,17,2,425.88,851.76,Completed
193,59,2025-09-19,309,68,3,169.52,508.56,Completed
194,59,2025-09-19,309,25,4,366.6,1466.4,Completed
195,59,2025-09-19,309,64,3,79.12,237.36,Completed
196,60,2025-08-11,313,97,2,77.73,155.46,Completed
197,60,2025-08-11,313,75,2,120.94,241.88,Completed
198,61,2025-10-02,163,94,2,60.39,120.78,Processing
199,62,2026-04-13,473,72,3,310.88,932.64,Completed
200,62,2026-04-13,473,70,1,439.46,439.46,Completed
201,62,2026-04-13,473,42,3,81.98,245.94,Completed
202,62,2026-04-13,473,67,4,276.75,1107.0,Completed
203,62,2026-04-13,473,40,2,465.16,930.32,Completed
204,63,2026-03-07,408,27,4,388.74,1554.96,Processing
205,63,2026-03-07,408,88,4,253.31,1013.24,Processing
206,63,2026-03-07,408,67,3,276.75,830.25,Processing
207,63,2026-03-07,408,10,4,140.15,560.6,Processing
208,63,2026-03-07,408,44,2,21.82,43.64,Processing
209,64,2026-03-14,361,49,1,193.89,193.89,Completed
210,64,2026-03-14,361,4,1,194.26,194.26,Completed
211,65,2024-01-05,410,16,3,454.47,1363.41,Completed
212,65,2024-01-05,410,33,4,62.63,250.52,Completed
213,65,2024-01-05,410,45,1,324.19,324.19,Completed
214,66,2025-03-22,145,55,3,405.59,1216.77,Shipped
215,67,2026-01-19,408,73,4,474.1,1896.4,Processing
216,68,2022-05-24,263,75,2,120.94,241.88,Completed
217,68,2022-05-24,263,80,4,38.87,155.48,Completed
218,68,2022-05-24,263,39,2,187.34,374.68,Completed
219,68,2022-05-24,263,89,2,249.17,498.34,Completed
220,68,2022-05-24,263,21,3,287.87,863.61,Completed
221,69,2023-09-18,392,57,2,446.72,893.44,Completed
222,69,2023-09-18,392,68,1,169.52,169.52,Completed
223,69,2023-09-18,392,29,2,305.3,610.6,Completed
224,69,2023-09-18,392,24,2,34.73,69.46,Completed
225,69,2023-09-18,392,74,3,179.75,539.25,Completed
226,70,2026-04-13,167,6,1,196.57,196.57,Shipped
227,70,2026-04-13,167,18,2,250.54,501.08,Shipped
228,70,2026-04-13,167,59,1,453.63,453.63,Shipped
229,71,2026-03-24,421,22,3,48.79,146.37,Shipped
230,71,2026-03-24,421,1,2,341.27,682.54,Shipped
231,71,2026-03-24,421,45,1,324.19,324.19,Shipped
232,71,2026-03-24,421,7,4,480.03,1920.12,Shipped
233,71,2026-03-24,421,34,1,146.82,146.82,Shipped
234,72,2026-04-06,279,9,4,58.75,235.0,Shipped
235,72,2026-04-06,279,12,4,477.56,1910.24,Shipped
236,72,2026-04-06,279,17,3,425.88,1277.64,Shipped
237,73,2024-12-15,85,81,3,135.75,407.25,Completed
238,73,2024-12-15,85,50,1,243.34,243.34,Completed
239,73,2024-12-15,85,37,1,167.33,167.33,Completed
240,73,2024-12-15,85,35,2,144.6,289.2,Completed
241,74,2024-02-18,23,27,1,388.74,388.74,Completed
242,74,2024-02-18,23,5,4,197.87,791.48,Completed
243,74,2024-02-18,23,80,3,38.87,116.61,Completed
244,74,2024-02-18,23,82,1,43.63,43.63,Completed
245,74,2024-02-18,23,72,1,310.88,310.88,Completed
246,75,2025-09-07,326,71,3,250.35,751.05,Completed
247,75,2025-09-07,326,38,4,49.02,196.08,Completed
248,75,2025-09-07,326,86,1,432.01,432.01,Completed
249,76,2025-12-23,362,29,4,305.3,1221.2,Completed
250,76,2025-12-23,362,70,3,439.46,1318.38,Completed
251,77,2025-10-14,79,56,4,295.88,1183.52,Completed
252,77,2025-10-14,79,22,3,48.79,146.37,Completed
253,77,2025-10-14,79,63,3,163.78,491.34,Completed
254,77,2025-10-14,79,28,2,315.85,631.7,Completed
255,77,2025-10-14,79,6,2,196.57,393.14,Completed
256,78,2024-04-09,158,18,3,250.54,751.62,Completed
257,78,2024-04-09,158,57,4,446.72,1786.88,Completed
258,79,2026-03-22,493,39,1,187.34,187.34,Completed
259,80,2025-12-13,449,20,1,302.33,302.33,Completed
260,80,2025-12-13,449,90,3,164.21,492.63,Completed
261,80,2025-12-13,449,4,3,194.26,582.78,Completed
262,80,2025-12-13,449,46,4,98.83,395.32,Completed
263,81,2026-03-20,94,16,2,454.47,908.94,Completed
264,81,2026-03-20,94,95,3,423.64,1270.92,Completed
265,81,2026-03-20,94,86,4,432.01,1728.04,Completed
266,81,2026-03-20,94,51,2,436.43,872.86,Completed
267,82,2023-05-19,373,33,3,62.63,187.89,Completed
268,82,2023-05-19,373,17,1,425.88,425.88,Completed
269,83,2024-08-14,9,66,2,244.34,488.68,Shipped
270,84,2025-12-17,219,58,1,425.26,425.26,Completed
271,85,2025-09-28,136,82,3,43.63,130.89,Completed
272,85,2025-09-28,136,25,3,366.6,1099.8,Completed
273,85,2025-09-28,136,99,2,273.19,546.38,Completed
274,85,2025-09-28,136,60,3,210.31,630.93,Completed
275,86,2026-03-07,457,12,3,477.56,1432.68,Completed
276,86,2026-03-07,457,32,2,244.11,488.22,Completed
277,86,2026-03-07,457,29,2,305.3,610.6,Completed
278,87,2026-02-16,300,43,3,446.64,1339.92,Shipped
279,88,2025-02-01,156,29,2,305.3,610.6,Completed
280,89,2026-02-19,269,57,2,446.72,893.44,Completed
281,89,2026-02-19,269,7,2,480.03,960.06,Completed
282,90,2025-12-14,373,75,4,120.94,483.76,Completed
283,90,2025-12-14,373,46,3,98.83,296.49,Completed
284,90,2025-12-14,373,73,1,474.1,474.1,Completed
285,91,2025-12-30,77,50,4,243.34,973.36,Processing
286,91,2025-12-30,77,83,3,284.61,853.83,Processing
287,91,2025-12-30,77,93,3,258.69,776.07,Processing
288,91,2025-12-30,77,28,4,315.85,1263.4,Processing
289,92,2026-02-13,117,84,3,153.73,461.19,Completed
290,92,2026-02-13,117,21,1,287.87,287.87,Completed
291,93,2025-12-23,261,53,1,298.35,298.35,Completed
292,93,2025-12-23,261,69,2,114.37,228.74,Completed
293,93,2025-12-23,261,24,3,34.73,104.19,Completed
294,94,2025-06-21,428,77,1,82.37,82.37,Completed
295,95,2026-04-12,263,2,2,119.71,239.42,Completed
296,95,2026-04-12,263,97,1,77.73,77.73,Completed
297,95,2026-04-12,263,35,3,144.6,433.8,Completed
298,95,2026-04-12,263,46,3,98.83,296.49,Completed
299,96,2025-10-18,434,45,1,324.19,324.19,Completed
300,96,2025-10-18,434,27,1,388.74,388.74,Completed
301,96,2025-10-18,434,46,4,98.83,395.32,Completed
302,97,2024-09-30,377,44,3,21.82,65.46,Shipped
303,97,2024-09-30,377,40,3,465.16,1395.48,Shipped
304,97,2024-09-30,377,97,1,77.73,77.73,Shipped
305,97,2024-09-30,377,22,1,48.79,48.79,Shipped
306,98,2023-06-11,214,95,2,423.64,847.28,Completed
307,98,2023-06-11,214,43,4,446.64,1786.56,Completed
308,98,2023-06-11,214,90,3,164.21,492.63,Completed
309,98,2023-06-11,214,9,2,58.75,117.5,Completed
310,98,2023-06-11,214,27,2,388.74,777.48,Completed
311,99,2025-12-20,241,99,1,273.19,273.19,Completed
312,99,2025-12-20,241,13,1,424.42,424.42,Completed
313,99,2025-12-20,241,98,4,223.42,893.68,Completed
314,100,2024-11-18,80,3,4,479.96,1919.84,Completed
315,100,2024-11-18,80,86,4,432.01,1728.04,Completed
316,100,2024-11-18,80,21,4,287.87,1151.48,Completed
317,101,2025-08-28,187,35,2,144.6,289.2,Completed
318,101,2025-08-28,187,91,3,227.19,681.57,Completed
319,101,2025-08-28,187,45,1,324.19,324.19,Completed
320,102,2025-11-04,275,21,2,287.87,575.74,Completed
321,102,2025-11-04,275,42,1,81.98,81.98,Completed
322,102,2025-11-04,275,3,1,479.96,479.96,Completed
323,102,2025-11-04,275,66,1,244.34,244.34,Completed
324,102,2025-11-04,275,22,2,48.79,97.58,Completed
325,103,2023-08-30,75,82,2,43.63,87.26,Completed
326,103,2023-08-30,75,99,1,273.19,273.19,Completed
327,103,2023-08-30,75,6,2,196.57,393.14,Completed
328,103,2023-08-30,75,68,1,169.52,169.52,Completed
329,103,2023-08-30,75,60,2,210.31,420.62,Completed
330,104,2024-08-24,32,38,4,49.02,196.08,Processing
331,104,2024-08-24,32,76,3,334.46,1003.38,Processing
332,104,2024-08-24,32,8,2,291.43,582.86,Processing
333,104,2024-08-24,32,78,1,68.42,68.42,Processing
334,105,2025-11-14,453,18,1,250.54,250.54,Shipped
335,105,2025-11-14,453,37,1,167.33,167.33,Shipped
336,105,2025-11-14,453,67,1,276.75,276.75,Shipped
337,105,2025-11-14,453,2,3,119.71,359.13,Shipped
338,105,2025-11-14,453,84,3,153.73,461.19,Shipped
339,106,2025-11-03,421,43,4,446.64,1786.56,Shipped
340,106,2025-11-03,421,69,4,114.37,457.48,Shipped
341,106,2025-11-03,421,24,1,34.73,34.73,Shipped
342,107,2024-11-28,248,77,3,82.37,247.11,Completed
343,107,2024-11-28,248,79,3,265.84,797.52,Completed
344,107,2024-11-28,248,47,2,206.98,413.96,Completed
345,107,2024-11-28,248,76,4,334.46,1337.84,Completed
346,107,2024-11-28,248,67,2,276.75,553.5,Completed
347,108,2026-04-14,279,18,2,250.54,501.08,Completed
348,108,2026-04-14,279,45,3,324.19,972.57,Completed
349,108,2026-04-14,279,12,4,477.56,1910.24,Completed
350,109,2025-12-24,245,79,1,265.84,265.84,Processing
351,109,2025-12-24,245,36,3,112.6,337.8,Processing
352,109,2025-12-24,245,91,4,227.19,908.76,Processing
353,109,2025-12-24,245,8,4,291.43,1165.72,Processing
354,110,2026-02-08,451,77,3,82.37,247.11,Completed
355,110,2026-02-08,451,78,2,68.42,136.84,Completed
356,111,2024-07-14,301,5,2,197.87,395.74,Completed
357,112,2022-05-03,103,14,1,343.34,343.34,Processing
358,112,2022-05-03,103,13,3,424.42,1273.26,Processing
359,112,2022-05-03,103,5,1,197.87,197.87,Processing
360,112,2022-05-03,103,3,3,479.96,1439.88,Processing
361,113,2026-02-15,463,99,3,273.19,819.57,Completed
362,113,2026-02-15,463,84,2,153.73,307.46,Completed
363,114,2026-03-03,233,12,4,477.56,1910.24,Shipped
364,114,2026-03-03,233,46,2,98.83,197.66,Shipped
365,115,2025-03-28,229,95,3,423.64,1270.92,Completed
366,115,2025-03-28,229,17,3,425.88,1277.64,Completed
367,115,2025-03-28,229,76,1,334.46,334.46,Completed
368,115,2025-03-28,229,54,2,341.99,683.98,Completed
369,115,2025-03-28,229,52,1,340.83,340.83,Completed
370,116,2025-09-04,468,88,3,253.31,759.93,Shipped
371,116,2025-09-04,468,93,2,258.69,517.38,Shipped
372,117,2025-08-12,471,45,1,324.19,324.19,Completed
373,117,2025-08-12,471,33,2,62.63,125.26,Completed
374,117,2025-08-12,471,44,1,21.82,21.82,Completed
375,117,2025-08-12,471,84,4,153.73,614.92,Completed
376,118,2025-04-01,126,45,3,324.19,972.57,Completed
377,119,2025-02-26,259,53,3,298.35,895.05,Completed
378,119,2025-02-26,259,47,1,206.98,206.98,Completed
379,119,2025-02-26,259,79,3,265.84,797.52,Completed
380,119,2025-02-26,259,10,3,140.15,420.45,Completed
381,119,2025-02-26,259,91,4,227.19,908.76,Completed
382,120,2025-09-05,366,26,1,438.17,438.17,Completed
383,121,2025-09-13,493,92,1,455.46,455.46,Completed
384,121,2025-09-13,493,40,4,465.16,1860.64,Completed
385,122,2022-11-27,411,25,1,366.6,366.6,Completed
386,122,2022-11-27,411,43,2,446.64,893.28,Completed
387,122,2022-11-27,411,85,1,310.05,310.05,Completed
388,122,2022-11-27,411,46,3,98.83,296.49,Completed
389,122,2022-11-27,411,66,4,244.34,977.36,Completed
390,123,2025-04-12,401,55,1,405.59,405.59,Completed
391,123,2025-04-12,401,32,4,244.11,976.44,Completed
392,123,2025-04-12,401,36,4,112.6,450.4,Completed
393,124,2024-08-18,52,20,1,302.33,302.33,Completed
394,124,2024-08-18,52,31,4,314.73,1258.92,Completed
395,125,2026-03-23,354,44,4,21.82,87.28,Completed
396,125,2026-03-23,354,3,3,479.96,1439.88,Completed
397,126,2023-12-18,8,8,2,291.43,582.86,Processing
398,126,2023-12-18,8,39,3,187.34,562.02,Processing
399,126,2023-12-18,8,53,3,298.35,895.05,Processing
400,126,2023-12-18,8,77,4,82.37,329.48,Processing
401,126,2023-12-18,8,48,3,415.18,1245.54,Processing
402,127,2025-10-17,478,39,1,187.34,187.34,Completed
403,127,2025-10-17,478,26,2,438.17,876.34,Completed
404,128,2025-02-23,35,37,1,167.33,167.33,Completed
405,128,2025-02-23,35,95,1,423.64,423.64,Completed
406,128,2025-02-23,35,9,3,58.75,176.25,Completed
407,129,2025-09-19,407,18,1,250.54,250.54,Completed
408,129,2025-09-19,407,57,1,446.72,446.72,Completed
409,129,2025-09-19,407,22,4,48.79,195.16,Completed
410,130,2024-05-26,489,53,3,298.35,895.05,Completed
411,131,2026-01-28,131,91,2,227.19,454.38,Completed
412,131,2026-01-28,131,85,2,310.05,620.1,Completed
413,131,2026-01-28,131,13,4,424.42,1697.68,Completed
414,131,2026-01-28,131,39,1,187.34,187.34,Completed
415,131,2026-01-28,131,34,1,146.82,146.82,Completed
416,132,2025-11-05,108,21,4,287.87,1151.48,Completed
417,132,2025-11-05,108,73,4,474.1,1896.4,Completed
418,133,2025-03-23,33,74,2,179.75,359.5,Completed
419,133,2025-03-23,33,97,3,77.73,233.19,Completed
420,133,2025-03-23,33,45,3,324.19,972.57,Completed
421,133,2025-03-23,33,37,4,167.33,669.32,Completed
422,134,2025-08-14,98,62,2,215.7,431.4,Shipped
423,134,2025-08-14,98,94,3,60.39,181.17,Shipped
424,134,2025-08-14,98,15,2,53.9,107.8,Shipped
425,134,2025-08-14,98,98,4,223.42,893.68,Shipped
426,135,2023-08-10,272,62,2,215.7,431.4,Shipped
427,135,2023-08-10,272,52,4,340.83,1363.32,Shipped
428,135,2023-08-10,272,78,4,68.42,273.68,Shipped
429,136,2025-07-17,357,60,3,210.31,630.93,Completed
430,136,2025-07-17,357,87,1,264.83,264.83,Completed
431,136,2025-07-17,357,20,2,302.33,604.66,Completed
432,137,2026-04-04,279,7,3,480.03,1440.09,Completed
433,137,2026-04-04,279,22,4,48.79,195.16,Completed
434,138,2026-03-31,463,68,4,169.52,678.08,Cancelled
435,138,2026-03-31,463,59,3,453.63,1360.89,Cancelled
436,139,2024-03-29,278,59,2,453.63,907.26,Shipped
437,139,2024-03-29,278,19,2,402.89,805.78,Shipped
438,139,2024-03-29,278,10,3,140.15,420.45,Shipped
439,139,2024-03-29,278,51,4,436.43,1745.72,Shipped
440,139,2024-03-29,278,8,2,291.43,582.86,Shipped
441,140,2024-12-26,284,37,4,167.33,669.32,Shipped
442,140,2024-12-26,284,54,4,341.99,1367.96,Shipped
443,141,2025-12-14,110,30,4,242.62,970.48,Completed
444,141,2025-12-14,110,23,4,32.52,130.08,Completed
445,141,2025-12-14,110,33,2,62.63,125.26,Completed
446,141,2025-12-14,110,58,3,425.26,1275.78,Completed
447,141,2025-12-14,110,38,2,49.02,98.04,Completed
448,142,2026-02-19,224,15,4,53.9,215.6,Completed
449,142,2026-02-19,224,98,4,223.42,893.68,Completed
450,142,2026-02-19,224,7,3,480.03,1440.09,Completed
451,143,2025-06-07,84,12,4,477.56,1910.24,Shipped
452,143,2025-06-07,84,81,3,135.75,407.25,Shipped
453,143,2025-06-07,84,63,1,163.78,163.78,Shipped
454,143,2025-06-07,84,8,4,291.43,1165.72,Shipped
455,143,2025-06-07,84,6,2,196.57,393.14,Shipped
456,144,2022-07-09,412,64,3,79.12,237.36,Completed
457,144,2022-07-09,412,31,4,314.73,1258.92,Completed
458,144,2022-07-09,412,35,3,144.6,433.8,Completed
459,144,2022-07-09,412,73,1,474.1,474.1,Completed
460,145,2024-03-08,469,33,4,62.63,250.52,Completed
461,145,2024-03-08,469,45,1,324.19,324.19,Completed
462,145,2024-03-08,469,96,3,349.93,1049.79,Completed
463,146,2025-11-22,365,84,3,153.73,461.19,Completed
464,146,2025-11-22,365,71,2,250.35,500.7,Completed
465,146,2025-11-22,365,95,1,423.64,423.64,Completed
466,146,2025-11-22,365,10,1,140.15,140.15,Completed
467,147,2025-06-22,142,20,1,302.33,302.33,Processing
468,147,2025-06-22,142,10,2,140.15,280.3,Processing
469,147,2025-06-22,142,53,2,298.35,596.7,Processing
470,147,2025-06-22,142,22,3,48.79,146.37,Processing
471,148,2025-07-01,216,60,3,210.31,630.93,Completed
472,148,2025-07-01,216,28,1,315.85,315.85,Completed
473,149,2024-08-27,32,62,4,215.7,862.8,Processing
474,149,2024-08-27,32,37,2,167.33,334.66,Processing
475,149,2024-08-27,32,66,1,244.34,244.34,Processing
476,150,2025-11-27,324,56,4,295.88,1183.52,Completed
477,150,2025-11-27,324,45,3,324.19,972.57,Completed
478,150,2025-11-27,324,25,2,366.6,733.2,Completed
479,150,2025-11-27,324,61,4,214.17,856.68,Completed
480,151,2023-07-22,379,72,2,310.88,621.76,Completed
481,151,2023-07-22,379,84,2,153.73,307.46,Completed
482,151,2023-07-22,379,36,4,112.6,450.4,Completed
483,151,2023-07-22,379,38,1,49.02,49.02,Completed
484,152,2022-10-03,480,76,1,334.46,334.46,Completed
485,152,2022-10-03,480,26,2,438.17,876.34,Completed
486,152,2022-10-03,480,31,3,314.73,944.19,Completed
487,152,2022-10-03,480,62,2,215.7,431.4,Completed
488,152,2022-10-03,480,91,4,227.19,908.76,Completed
489,153,2026-04-11,225,16,1,454.47,454.47,Completed
490,153,2026-04-11,225,97,1,77.73,77.73,Completed
491,154,2024-05-03,135,71,4,250.35,1001.4,Completed
492,154,2024-05-03,135,76,4,334.46,1337.84,Completed
493,154,2024-05-03,135,47,1,206.98,206.98,Completed
494,154,2024-05-03,135,36,3,112.6,337.8,Completed
495,154,2024-05-03,135,26,1,438.17,438.17,Completed
496,155,2025-06-26,26,85,3,310.05,930.15,Shipped
497,155,2025-06-26,26,25,3,366.6,1099.8,Shipped
498,156,2024-12-13,437,98,4,223.42,893.68,Completed
499,156,2024-12-13,437,15,2,53.9,107.8,Completed
500,156,2024-12-13,437,5,2,197.87,395.74,Completed
501,156,2024-12-13,437,10,3,140.15,420.45,Completed
502,157,2022-03-15,406,92,3,455.46,1366.38,Completed
503,157,2022-03-15,406,80,2,38.87,77.74,Completed
504,157,2022-03-15,406,52,3,340.83,1022.49,Completed
505,157,2022-03-15,406,67,1,276.75,276.75,Completed
506,157,2022-03-15,406,25,4,366.6,1466.4,Completed
507,158,2025-07-18,51,28,2,315.85,631.7,Completed
508,158,2025-07-18,51,91,1,227.19,227.19,Completed
509,159,2025-03-03,254,69,1,114.37,114.37,Completed
510,160,2022-12-27,68,23,3,32.52,97.56,Processing
511,160,2022-12-27,68,93,1,258.69,258.69,Processing
512,160,2022-12-27,68,100,2,380.07,760.14,Processing
513,161,2024-12-19,392,52,3,340.83,1022.49,Completed
514,161,2024-12-19,392,36,4,112.6,450.4,Completed
515,161,2024-12-19,392,15,4,53.9,215.6,Completed
516,161,2024-12-19,392,49,4,193.89,775.56,Completed
517,162,2025-12-28,360,74,4,179.75,719.0,Cancelled
518,162,2025-12-28,360,49,1,193.89,193.89,Cancelled
519,162,2025-12-28,360,82,4,43.63,174.52,Cancelled
520,163,2026-01-15,138,32,2,244.11,488.22,Shipped
521,163,2026-01-15,138,80,1,38.87,38.87,Shipped
522,163,2026-01-15,138,71,4,250.35,1001.4,Shipped
523,163,2026-01-15,138,22,2,48.79,97.58,Shipped
524,163,2026-01-15,138,5,3,197.87,593.61,Shipped
525,164,2024-01-17,498,73,4,474.1,1896.4,Processing
526,164,2024-01-17,498,4,2,194.26,388.52,Processing
527,164,2024-01-17,498,51,4,436.43,1745.72,Processing
528,164,2024-01-17,498,75,3,120.94,362.82,Processing
529,165,2024-10-10,26,4,1,194.26,194.26,Completed
530,166,2025-05-20,92,17,3,425.88,1277.64,Completed
531,166,2025-05-20,92,42,3,81.98,245.94,Completed
532,166,2025-05-20,92,54,2,341.99,683.98,Completed
533,166,2025-05-20,92,98,4,223.42,893.68,Completed
534,167,2024-08-06,144,35,2,144.6,289.2,Completed
535,167,2024-08-06,144,73,2,474.1,948.2,Completed
536,167,2024-08-06,144,13,4,424.42,1697.68,Completed
537,168,2024-04-09,143,52,1,340.83,340.83,Shipped
538,168,2024-04-09,143,5,4,197.87,791.48,Shipped
539,168,2024-04-09,143,61,3,214.17,642.51,Shipped
540,168,2024-04-09,143,23,1,32.52,32.52,Shipped
541,168,2024-04-09,143,74,4,179.75,719.0,Shipped
542,169,2024-05-22,475,29,3,305.3,915.9,Shipped
543,169,2024-05-22,475,31,2,314.73,629.46,Shipped
544,170,2022-11-29,331,29,3,305.3,915.9,Shipped
545,170,2022-11-29,331,100,1,380.07,380.07,Shipped
546,170,2022-11-29,331,59,3,453.63,1360.89,Shipped
547,171,2026-03-31,368,33,1,62.63,62.63,Shipped
548,171,2026-03-31,368,94,1,60.39,60.39,Shipped
549,172,2024-02-10,374,61,1,214.17,214.17,Shipped
550,172,2024-02-10,374,99,2,273.19,546.38,Shipped
551,173,2025-06-20,193,90,1,164.21,164.21,Completed
552,174,2025-04-07,346,34,3,146.82,440.46,Completed
553,174,2025-04-07,346,96,2,349.93,699.86,Completed
554,175,2023-03-19,135,21,4,287.87,1151.48,Completed
555,175,2023-03-19,135,84,4,153.73,614.92,Completed
556,175,2023-03-19,135,86,3,432.01,1296.03,Completed
557,176,2026-02-24,42,66,4,244.34,977.36,Completed
558,176,2026-02-24,42,18,3,250.54,751.62,Completed
559,176,2026-02-24,42,86,3,432.01,1296.03,Completed
560,176,2026-02-24,42,38,4,49.02,196.08,Completed
561,177,2025-10-20,126,1,1,341.27,341.27,Completed
562,178,2026-04-11,269,97,4,77.73,310.92,Completed
563,179,2026-04-12,372,77,1,82.37,82.37,Processing
564,179,2026-04-12,372,70,4,439.46,1757.84,Processing
565,180,2025-02-21,460,36,2,112.6,225.2,Completed
566,180,2025-02-21,460,15,4,53.9,215.6,Completed
567,180,2025-02-21,460,14,2,343.34,686.68,Completed
568,181,2025-10-12,194,15,1,53.9,53.9,Completed
569,181,2025-10-12,194,100,1,380.07,380.07,Completed
570,181,2025-10-12,194,28,4,315.85,1263.4,Completed
571,181,2025-10-12,194,46,3,98.83,296.49,Completed
572,181,2025-10-12,194,5,1,197.87,197.87,Completed
573,182,2025-04-05,120,18,3,250.54,751.62,Completed
574,182,2025-04-05,120,22,4,48.79,195.16,Completed
575,182,2025-04-05,120,48,3,415.18,1245.54,Completed
576,183,2023-03-18,198,6,1,196.57,196.57,Completed
577,184,2024-04-17,373,35,1,144.6,144.6,Completed
578,184,2024-04-17,373,67,3,276.75,830.25,Completed
579,185,2024-10-10,223,77,4,82.37,329.48,Completed
580,185,2024-10-10,223,50,1,243.34,243.34,Completed
581,185,2024-10-10,223,40,1,465.16,465.16,Completed
582,185,2024-10-10,223,6,2,196.57,393.14,Completed
583,186,2026-02-02,416,82,2,43.63,87.26,Completed
584,187,2024-09-20,26,15,2,53.9,107.8,Completed
585,187,2024-09-20,26,39,2,187.34,374.68,Completed
586,187,2024-09-20,26,97,2,77.73,155.46,Completed
587,188,2025-10-04,189,98,1,223.42,223.42,Completed
588,188,2025-10-04,189,86,3,432.01,1296.03,Completed
589,188,2025-10-04,189,91,4,227.19,908.76,Completed
590,189,2026-02-07,309,96,4,349.93,1399.72,Completed
591,189,2026-02-07,309,34,2,146.82,293.64,Completed
592,189,2026-02-07,309,94,1,60.39,60.39,Completed
593,189,2026-02-07,309,25,4,366.6,1466.4,Completed
594,189,2026-02-07,309,89,4,249.17,996.68,Completed
595,190,2026-01-06,383,12,1,477.56,477.56,Completed
596,190,2026-01-06,383,91,3,227.19,681.57,Completed
597,190,2026-01-06,383,1,4,341.27,1365.08,Completed
598,190,2026-01-06,383,83,2,284.61,569.22,Completed
599,191,2024-11-23,6,87,2,264.83,529.66,Completed
600,191,2024-11-23,6,74,4,179.75,719.0,Completed
601,191,2024-11-23,6,40,1,465.16,465.16,Completed
602,191,2024-11-23,6,36,4,112.6,450.4,Completed
603,191,2024-11-23,6,91,1,227.19,227.19,Completed
604,192,2023-10-28,420,26,3,438.17,1314.51,Completed
605,192,2023-10-28,420,50,4,243.34,973.36,Completed
606,192,2023-10-28,420,98,4,223.42,893.68,Completed
607,192,2023-10-28,420,28,4,315.85,1263.4,Completed
608,193,2025-11-10,434,16,2,454.47,908.94,Completed
609,193,2025-11-10,434,29,2,305.3,610.6,Completed
610,194,2026-03-08,139,59,3,453.63,1360.89,Shipped
611,194,2026-03-08,139,36,3,112.6,337.8,Shipped
612,194,2026-03-08,139,24,2,34.73,69.46,Shipped
613,194,2026-03-08,139,39,4,187.34,749.36,Shipped
614,194,2026-03-08,139,45,4,324.19,1296.76,Shipped
615,195,2022-11-29,148,35,2,144.6,289.2,Completed
616,195,2022-11-29,148,83,2,284.61,569.22,Completed
617,195,2022-11-29,148,23,2,32.52,65.04,Completed
618,195,2022-11-29,148,80,2,38.87,77.74,Completed
619,195,2022-11-29,148,68,4,169.52,678.08,Completed
620,196,2024-04-09,176,49,3,193.89,581.67,Completed
621,196,2024-04-09,176,31,4,314.73,1258.92,Completed
622,196,2024-04-09,176,64,2,79.12,158.24,Completed
623,196,2024-04-09,176,95,1,423.64,423.64,Completed
624,196,2024-04-09,176,1,1,341.27,341.27,Completed
625,197,2022-05-22,458,44,1,21.82,21.82,Shipped
626,197,2022-05-22,458,11,3,128.21,384.63,Shipped
627,197,2022-05-22,458,18,1,250.54,250.54,Shipped
628,198,2025-08-05,311,75,4,120.94,483.76,Processing
629,198,2025-08-05,311,72,2,310.88,621.76,Processing
630,198,2025-08-05,311,45,2,324.19,648.38,Processing
631,198,2025-08-05,311,88,4,253.31,1013.24,Processing
632,198,2025-08-05,311,81,1,135.75,135.75,Processing
633,199,2024-09-13,333,79,3,265.84,797.52,Completed
634,200,2024-03-08,50,50,1,243.34,243.34,Shipped
635,200,2024-03-08,50,42,3,81.98,245.94,Shipped
636,200,2024-03-08,50,86,3,432.01,1296.03,Shipped
637,201,2025-08-15,68,27,2,388.74,777.48,Completed
638,201,2025-08-15,68,51,4,436.43,1745.72,Completed
639,201,2025-08-15,68,26,1,438.17,438.17,Completed
640,201,2025-08-15,68,92,1,455.46,455.46,Completed
641,201,2025-08-15,68,38,1,49.02,49.02,Completed
642,202,2026-03-04,175,61,1,214.17,214.17,Completed
643,202,2026-03-04,175,28,3,315.85,947.55,Completed
644,202,2026-03-04,175,89,4,249.17,996.68,Completed
645,202,2026-03-04,175,57,1,446.72,446.72,Completed
646,203,2025-01-27,454,8,2,291.43,582.86,Completed
647,203,2025-01-27,454,1,2,341.27,682.54,Completed
648,203,2025-01-27,454,88,1,253.31,253.31,Completed
649,203,2025-01-27,454,98,1,223.42,223.42,Completed
650,203,2025-01-27,454,32,1,244.11,244.11,Completed
651,204,2024-01-28,356,75,3,120.94,362.82,Completed
652,204,2024-01-28,356,26,3,438.17,1314.51,Completed
653,204,2024-01-28,356,23,2,32.52,65.04,Completed
654,204,2024-01-28,356,29,1,305.3,305.3,Completed
655,205,2025-11-06,38,93,2,258.69,517.38,Shipped
656,205,2025-11-06,38,54,4,341.99,1367.96,Shipped
657,205,2025-11-06,38,39,4,187.34,749.36,Shipped
658,205,2025-11-06,38,28,2,315.85,631.7,Shipped
659,205,2025-11-06,38,52,3,340.83,1022.49,Shipped
660,206,2025-09-11,104,11,3,128.21,384.63,Completed
661,207,2025-06-16,435,37,2,167.33,334.66,Processing
662,208,2025-12-30,325,60,2,210.31,420.62,Completed
663,209,2025-12-17,98,76,3,334.46,1003.38,Completed
664,209,2025-12-17,98,63,3,163.78,491.34,Completed
665,209,2025-12-17,98,34,4,146.82,587.28,Completed
666,210,2025-05-12,447,79,4,265.84,1063.36,Completed
667,210,2025-05-12,447,23,4,32.52,130.08,Completed
668,210,2025-05-12,447,73,4,474.1,1896.4,Completed
669,211,2022-07-22,413,28,3,315.85,947.55,Completed
670,211,2022-07-22,413,71,2,250.35,500.7,Completed
671,211,2022-07-22,413,64,4,79.12,316.48,Completed
672,211,2022-07-22,413,99,3,273.19,819.57,Completed
673,212,2023-05-03,358,42,4,81.98,327.92,Cancelled
674,212,2023-05-03,358,24,3,34.73,104.19,Cancelled
675,213,2025-02-17,325,16,2,454.47,908.94,Processing
676,213,2025-02-17,325,80,2,38.87,77.74,Processing
677,213,2025-02-17,325,24,1,34.73,34.73,Processing
678,213,2025-02-17,325,18,3,250.54,751.62,Processing
679,213,2025-02-17,325,45,4,324.19,1296.76,Processing
680,214,2026-03-29,380,64,1,79.12,79.12,Shipped
681,215,2026-04-04,408,95,3,423.64,1270.92,Completed
682,215,2026-04-04,408,85,3,310.05,930.15,Completed
683,216,2024-05-04,271,69,3,114.37,343.11,Completed
684,217,2025-02-17,487,14,4,343.34,1373.36,Completed
685,217,2025-02-17,487,86,1,432.01,432.01,Completed
686,217,2025-02-17,487,41,2,122.45,244.9,Completed
687,217,2025-02-17,487,72,3,310.88,932.64,Completed
688,217,2025-02-17,487,68,3,169.52,508.56,Completed
689,218,2025-06-27,39,38,1,49.02,49.02,Completed
690,218,2025-06-27,39,94,1,60.39,60.39,Completed
691,219,2025-08-06,404,51,3,436.43,1309.29,Completed
692,219,2025-08-06,404,46,1,98.83,98.83,Completed
693,220,2026-03-11,334,30,4,242.62,970.48,Completed
694,220,2026-03-11,334,65,1,392.05,392.05,Completed
695,221,2023-04-18,342,70,1,439.46,439.46,Completed
696,221,2023-04-18,342,3,3,479.96,1439.88,Completed
697,221,2023-04-18,342,85,2,310.05,620.1,Completed
698,221,2023-04-18,342,98,3,223.42,670.26,Completed
699,222,2026-02-26,137,1,3,341.27,1023.81,Completed
700,222,2026-02-26,137,46,4,98.83,395.32,Completed
701,223,2026-02-16,383,89,3,249.17,747.51,Processing
702,223,2026-02-16,383,37,2,167.33,334.66,Processing
703,223,2026-02-16,383,94,1,60.39,60.39,Processing
704,224,2024-06-21,246,70,3,439.46,1318.38,Processing
705,225,2025-10-31,179,39,2,187.34,374.68,Shipped
706,225,2025-10-31,179,14,2,343.34,686.68,Shipped
707,226,2026-02-04,77,95,2,423.64,847.28,Cancelled
708,226,2026-02-04,77,38,2,49.02,98.04,Cancelled
709,226,2026-02-04,77,85,3,310.05,930.15,Cancelled
710,226,2026-02-04,77,47,4,206.98,827.92,Cancelled
711,227,2023-05-07,350,13,1,424.42,424.42,Completed
712,227,2023-05-07,350,80,1,38.87,38.87,Completed
713,228,2025-04-12,240,42,4,81.98,327.92,Shipped
714,228,2025-04-12,240,80,1,38.87,38.87,Shipped
715,229,2025-09-16,311,13,1,424.42,424.42,Completed
716,229,2025-09-16,311,62,3,215.7,647.1,Completed
717,229,2025-09-16,311,23,3,32.52,97.56,Completed
718,229,2025-09-16,311,39,1,187.34,187.34,Completed
719,229,2025-09-16,311,20,1,302.33,302.33,Completed
720,230,2026-03-17,171,27,3,388.74,1166.22,Completed
721,230,2026-03-17,171,38,4,49.02,196.08,Completed
722,230,2026-03-17,171,36,1,112.6,112.6,Completed
723,230,2026-03-17,171,33,1,62.63,62.63,Completed
724,231,2026-01-13,342,57,1,446.72,446.72,Completed
725,232,2025-02-28,407,14,4,343.34,1373.36,Completed
726,233,2026-03-19,240,55,2,405.59,811.18,Completed
727,233,2026-03-19,240,88,1,253.31,253.31,Completed
728,234,2024-04-26,10,34,3,146.82,440.46,Completed
729,234,2024-04-26,10,25,2,366.6,733.2,Completed
730,235,2026-01-10,222,6,3,196.57,589.71,Completed
731,235,2026-01-10,222,30,2,242.62,485.24,Completed
732,235,2026-01-10,222,36,4,112.6,450.4,Completed
733,235,2026-01-10,222,35,1,144.6,144.6,Completed
734,236,2024-10-31,394,73,2,474.1,948.2,Cancelled
735,236,2024-10-31,394,22,2,48.79,97.58,Cancelled
736,236,2024-10-31,394,3,4,479.96,1919.84,Cancelled
737,236,2024-10-31,394,89,3,249.17,747.51,Cancelled
738,237,2024-10-27,48,3,1,479.96,479.96,Completed
739,237,2024-10-27,48,85,2,310.05,620.1,Completed
740,238,2026-04-05,56,8,1,291.43,291.43,Completed
741,238,2026-04-05,56,73,3,474.1,1422.3,Completed
742,238,2026-04-05,56,20,3,302.33,906.99,Completed
743,239,2025-10-26,33,67,4,276.75,1107.0,Completed
744,240,2026-03-04,454,7,4,480.03,1920.12,Processing
745,240,2026-03-04,454,77,2,82.37,164.74,Processing
746,241,2026-03-28,302,49,3,193.89,581.67,Shipped
747,242,2024-03-13,336,53,4,298.35,1193.4,Completed
748,243,2025-03-09,104,52,1,340.83,340.83,Completed
749,244,2025-03-11,97,70,2,439.46,878.92,Cancelled
750,244,2025-03-11,97,89,4,249.17,996.68,Cancelled
751,245,2026-01-19,477,81,2,135.75,271.5,Completed
752,246,2024-09-27,253,100,3,380.07,1140.21,Completed
753,246,2024-09-27,253,65,4,392.05,1568.2,Completed
754,246,2024-09-27,253,10,1,140.15,140.15,Completed
755,247,2025-01-24,65,22,1,48.79,48.79,Completed
756,248,2023-01-11,96,54,3,341.99,1025.97,Completed
757,249,2024-02-29,438,54,1,341.99,341.99,Cancelled
758,249,2024-02-29,438,75,2,120.94,241.88,Cancelled
759,249,2024-02-29,438,56,3,295.88,887.64,Cancelled
760,249,2024-02-29,438,50,2,243.34,486.68,Cancelled
761,249,2024-02-29,438,25,4,366.6,1466.4,Cancelled
762,250,2023-09-27,139,73,1,474.1,474.1,Cancelled
763,250,2023-09-27,139,51,3,436.43,1309.29,Cancelled
764,250,2023-09-27,139,36,1,112.6,112.6,Cancelled
765,250,2023-09-27,139,6,2,196.57,393.14,Cancelled
766,251,2024-01-08,480,66,2,244.34,488.68,Completed
767,252,2025-10-20,176,50,4,243.34,973.36,Completed
768,252,2025-10-20,176,65,2,392.05,784.1,Completed
769,252,2025-10-20,176,76,4,334.46,1337.84,Completed
770,252,2025-10-20,176,80,4,38.87,155.48,Completed
771,252,2025-10-20,176,58,4,425.26,1701.04,Completed
772,253,2025-04-15,47,58,3,425.26,1275.78,Completed
773,253,2025-04-15,47,13,4,424.42,1697.68,Completed
774,253,2025-04-15,47,2,1,119.71,119.71,Completed
775,253,2025-04-15,47,93,4,258.69,1034.76,Completed
776,254,2025-08-15,90,29,1,305.3,305.3,Completed
777,254,2025-08-15,90,72,2,310.88,621.76,Completed
778,255,2022-06-17,214,100,2,380.07,760.14,Completed
779,256,2026-02-02,62,41,4,122.45,489.8,Shipped
780,256,2026-02-02,62,50,3,243.34,730.02,Shipped
781,256,2026-02-02,62,58,4,425.26,1701.04,Shipped
782,257,2025-06-16,470,67,3,276.75,830.25,Completed
783,257,2025-06-16,470,48,1,415.18,415.18,Completed
784,258,2026-04-16,93,85,4,310.05,1240.2,Shipped
785,259,2026-03-21,368,57,3,446.72,1340.16,Completed
786,259,2026-03-21,368,70,3,439.46,1318.38,Completed
787,259,2026-03-21,368,49,1,193.89,193.89,Completed
788,259,2026-03-21,368,50,4,243.34,973.36,Completed
789,259,2026-03-21,368,19,4,402.89,1611.56,Completed
790,260,2026-04-16,49,27,4,388.74,1554.96,Processing
791,260,2026-04-16,49,96,2,349.93,699.86,Processing
792,260,2026-04-16,49,31,1,314.73,314.73,Processing
793,260,2026-04-16,49,24,3,34.73,104.19,Processing
794,261,2025-10-05,383,56,2,295.88,591.76,Shipped
795,261,2025-10-05,383,15,4,53.9,215.6,Shipped
796,261,2025-10-05,383,22,4,48.79,195.16,Shipped
797,261,2025-10-05,383,79,3,265.84,797.52,Shipped
798,262,2022-11-15,379,58,2,425.26,850.52,Completed
799,262,2022-11-15,379,44,1,21.82,21.82,Completed
800,263,2025-07-27,187,44,2,21.82,43.64,Completed
801,263,2025-07-27,187,41,2,122.45,244.9,Completed
802,263,2025-07-27,187,18,4,250.54,1002.16,Completed
803,263,2025-07-27,187,84,3,153.73,461.19,Completed
804,263,2025-07-27,187,11,4,128.21,512.84,Completed
805,264,2025-07-12,388,78,2,68.42,136.84,Completed
806,264,2025-07-12,388,58,3,425.26,1275.78,Completed
807,264,2025-07-12,388,51,2,436.43,872.86,Completed
808,264,2025-07-12,388,18,1,250.54,250.54,Completed
809,265,2025-06-26,240,76,4,334.46,1337.84,Completed
810,266,2025-08-14,278,92,3,455.46,1366.38,Cancelled
811,266,2025-08-14,278,15,4,53.9,215.6,Cancelled
812,266,2025-08-14,278,22,3,48.79,146.37,Cancelled
813,266,2025-08-14,278,14,3,343.34,1030.02,Cancelled
814,266,2025-08-14,278,33,2,62.63,125.26,Cancelled
815,267,2026-04-01,87,83,2,284.61,569.22,Completed
816,267,2026-04-01,87,18,2,250.54,501.08,Completed
817,267,2026-04-01,87,30,3,242.62,727.86,Completed
818,268,2025-09-16,450,45,1,324.19,324.19,Completed
819,268,2025-09-16,450,53,1,298.35,298.35,Completed
820,268,2025-09-16,450,100,4,380.07,1520.28,Completed
821,268,2025-09-16,450,30,2,242.62,485.24,Completed
822,268,2025-09-16,450,20,4,302.33,1209.32,Completed
823,269,2023-04-13,72,23,3,32.52,97.56,Completed
824,269,2023-04-13,72,5,1,197.87,197.87,Completed
825,269,2023-04-13,72,90,1,164.21,164.21,Completed
826,269,2023-04-13,72,20,1,302.33,302.33,Completed
827,269,2023-04-13,72,14,4,343.34,1373.36,Completed
828,270,2025-09-08,102,65,3,392.05,1176.15,Cancelled
829,271,2025-10-22,247,80,4,38.87,155.48,Shipped
830,271,2025-10-22,247,9,2,58.75,117.5,Shipped
831,271,2025-10-22,247,15,4,53.9,215.6,Shipped
832,271,2025-10-22,247,40,1,465.16,465.16,Shipped
833,271,2025-10-22,247,58,1,425.26,425.26,Shipped
834,272,2025-11-14,171,13,3,424.42,1273.26,Processing
835,272,2025-11-14,171,45,2,324.19,648.38,Processing
836,272,2025-11-14,171,93,1,258.69,258.69,Processing
837,272,2025-11-14,171,61,2,214.17,428.34,Processing
838,273,2026-03-29,413,42,4,81.98,327.92,Cancelled
839,273,2026-03-29,413,47,3,206.98,620.94,Cancelled
840,273,2026-03-29,413,70,3,439.46,1318.38,Cancelled
841,273,2026-03-29,413,83,4,284.61,1138.44,Cancelled
842,273,2026-03-29,413,16,4,454.47,1817.88,Cancelled
843,274,2023-04-26,272,25,4,366.6,1466.4,Processing
844,275,2025-12-01,142,73,3,474.1,1422.3,Cancelled
845,276,2025-08-21,37,13,3,424.42,1273.26,Completed
846,276,2025-08-21,37,56,3,295.88,887.64,Completed
847,276,2025-08-21,37,64,3,79.12,237.36,Completed
848,276,2025-08-21,37,47,1,206.98,206.98,Completed
849,277,2025-07-13,278,85,1,310.05,310.05,Processing
850,277,2025-07-13,278,19,4,402.89,1611.56,Processing
851,277,2025-07-13,278,77,3,82.37,247.11,Processing
852,277,2025-07-13,278,23,4,32.52,130.08,Processing
853,277,2025-07-13,278,27,4,388.74,1554.96,Processing
854,278,2025-10-06,11,87,1,264.83,264.83,Completed
855,278,2025-10-06,11,13,2,424.42,848.84,Completed
856,278,2025-10-06,11,46,4,98.83,395.32,Completed
857,278,2025-10-06,11,68,4,169.52,678.08,Completed
858,279,2025-02-24,10,7,3,480.03,1440.09,Shipped
859,279,2025-02-24,10,57,3,446.72,1340.16,Shipped
860,279,2025-02-24,10,10,2,140.15,280.3,Shipped
861,280,2026-01-30,90,5,1,197.87,197.87,Processing
862,280,2026-01-30,90,21,4,287.87,1151.48,Processing
863,280,2026-01-30,90,1,4,341.27,1365.08,Processing
864,281,2026-02-14,374,43,1,446.64,446.64,Completed
865,281,2026-02-14,374,67,3,276.75,830.25,Completed
866,281,2026-02-14,374,72,4,310.88,1243.52,Completed
867,281,2026-02-14,374,17,3,425.88,1277.64,Completed
868,282,2024-04-07,480,74,4,179.75,719.0,Completed
869,283,2024-01-22,322,57,4,446.72,1786.88,Completed
870,283,2024-01-22,322,66,3,244.34,733.02,Completed
871,284,2026-04-03,167,26,2,438.17,876.34,Processing
872,284,2026-04-03,167,64,3,79.12,237.36,Processing
873,285,2022-04-06,236,94,2,60.39,120.78,Completed
874,285,2022-04-06,236,73,2,474.1,948.2,Completed
875,285,2022-04-06,236,66,4,244.34,977.36,Completed
876,286,2024-01-25,377,36,1,112.6,112.6,Completed
877,286,2024-01-25,377,65,1,392.05,392.05,Completed
878,286,2024-01-25,377,90,3,164.21,492.63,Completed
879,287,2024-06-20,65,63,1,163.78,163.78,Completed
880,287,2024-06-20,65,25,4,366.6,1466.4,Completed
881,287,2024-06-20,65,52,4,340.83,1363.32,Completed
882,288,2026-01-24,259,81,3,135.75,407.25,Completed
883,289,2026-01-02,123,61,3,214.17,642.51,Completed
884,289,2026-01-02,123,32,3,244.11,732.33,Completed
885,290,2023-04-30,381,40,4,465.16,1860.64,Completed
886,290,2023-04-30,381,71,2,250.35,500.7,Completed
887,290,2023-04-30,381,5,2,197.87,395.74,Completed
888,290,2023-04-30,381,74,4,179.75,719.0,Completed
889,291,2026-04-11,274,66,2,244.34,488.68,Processing
890,291,2026-04-11,274,99,2,273.19,546.38,Processing
891,292,2021-11-14,246,42,3,81.98,245.94,Completed
892,292,2021-11-14,246,94,3,60.39,181.17,Completed
893,293,2023-05-15,287,83,1,284.61,284.61,Shipped
894,293,2023-05-15,287,31,4,314.73,1258.92,Shipped
895,293,2023-05-15,287,73,2,474.1,948.2,Shipped
896,293,2023-05-15,287,28,1,315.85,315.85,Shipped
897,294,2025-08-24,288,34,4,146.82,587.28,Completed
898,294,2025-08-24,288,37,4,167.33,669.32,Completed
899,294,2025-08-24,288,71,4,250.35,1001.4,Completed
900,294,2025-08-24,288,5,4,197.87,791.48,Completed
901,294,2025-08-24,288,49,2,193.89,387.78,Completed
902,295,2025-07-26,62,87,2,264.83,529.66,Completed
903,296,2026-02-20,328,55,2,405.59,811.18,Shipped
904,296,2026-02-20,328,5,2,197.87,395.74,Shipped
905,296,2026-02-20,328,32,4,244.11,976.44,Shipped
906,297,2025-11-23,137,59,3,453.63,1360.89,Completed
907,297,2025-11-23,137,69,3,114.37,343.11,Completed
908,297,2025-11-23,137,30,4,242.62,970.48,Completed
909,297,2025-11-23,137,70,4,439.46,1757.84,Completed
910,297,2025-11-23,137,39,1,187.34,187.34,Completed
911,298,2023-01-23,179,54,2,341.99,683.98,Completed
912,298,2023-01-23,179,43,4,446.64,1786.56,Completed
913,298,2023-01-23,179,26,1,438.17,438.17,Completed
914,299,2023-09-02,288,62,1,215.7,215.7,Completed
915,300,2024-08-03,261,42,1,81.98,81.98,Completed
916,300,2024-08-03,261,79,1,265.84,265.84,Completed
917,301,2024-04-06,12,74,1,179.75,179.75,Completed
918,301,2024-04-06,12,13,2,424.42,848.84,Completed
919,301,2024-04-06,12,66,2,244.34,488.68,Completed
920,301,2024-04-06,12,45,4,324.19,1296.76,Completed
921,301,2024-04-06,12,69,4,114.37,457.48,Completed
922,302,2026-04-12,368,10,4,140.15,560.6,Completed
923,302,2026-04-12,368,86,1,432.01,432.01,Completed
924,302,2026-04-12,368,50,4,243.34,973.36,Completed
925,302,2026-04-12,368,41,2,122.45,244.9,Completed
926,302,2026-04-12,368,40,3,465.16,1395.48,Completed
927,303,2022-11-14,198,66,4,244.34,977.36,Shipped
928,303,2022-11-14,198,20,3,302.33,906.99,Shipped
929,303,2022-11-14,198,98,2,223.42,446.84,Shipped
930,304,2024-05-12,138,46,1,98.83,98.83,Shipped
931,305,2023-08-25,288,13,2,424.42,848.84,Completed
932,306,2025-02-09,404,40,3,465.16,1395.48,Completed
933,306,2025-02-09,404,64,3,79.12,237.36,Completed
934,306,2025-02-09,404,7,3,480.03,1440.09,Completed
935,307,2021-12-26,13,7,4,480.03,1920.12,Completed
936,307,2021-12-26,13,52,3,340.83,1022.49,Completed
937,307,2021-12-26,13,31,3,314.73,944.19,Completed
938,307,2021-12-26,13,56,2,295.88,591.76,Completed
939,307,2021-12-26,13,59,4,453.63,1814.52,Completed
940,308,2025-10-08,248,94,4,60.39,241.56,Completed
941,308,2025-10-08,248,35,4,144.6,578.4,Completed
942,308,2025-10-08,248,83,2,284.61,569.22,Completed
943,309,2026-04-15,171,19,1,402.89,402.89,Completed
944,309,2026-04-15,171,34,2,146.82,293.64,Completed
945,309,2026-04-15,171,1,2,341.27,682.54,Completed
946,309,2026-04-15,171,67,1,276.75,276.75,Completed
947,310,2022-04-15,382,57,4,446.72,1786.88,Completed
948,310,2022-04-15,382,18,4,250.54,1002.16,Completed
949,310,2022-04-15,382,74,1,179.75,179.75,Completed
950,310,2022-04-15,382,24,1,34.73,34.73,Completed
951,310,2022-04-15,382,60,2,210.31,420.62,Completed
952,311,2025-01-31,288,44,2,21.82,43.64,Completed
953,311,2025-01-31,288,84,1,153.73,153.73,Completed
954,311,2025-01-31,288,75,2,120.94,241.88,Completed
955,311,2025-01-31,288,98,4,223.42,893.68,Completed
956,311,2025-01-31,288,46,4,98.83,395.32,Completed
957,312,2024-06-17,138,36,2,112.6,225.2,Cancelled
958,312,2024-06-17,138,8,4,291.43,1165.72,Cancelled
959,312,2024-06-17,138,20,2,302.33,604.66,Cancelled
960,312,2024-06-17,138,100,3,380.07,1140.21,Cancelled
961,312,2024-06-17,138,48,4,415.18,1660.72,Cancelled
962,313,2024-01-13,208,96,1,349.93,349.93,Completed
963,313,2024-01-13,208,61,3,214.17,642.51,Completed
964,313,2024-01-13,208,86,4,432.01,1728.04,Completed
965,313,2024-01-13,208,28,4,315.85,1263.4,Completed
966,313,2024-01-13,208,52,1,340.83,340.83,Completed
967,314,2023-06-07,23,43,3,446.64,1339.92,Completed
968,314,2023-06-07,23,48,2,415.18,830.36,Completed
969,314,2023-06-07,23,74,4,179.75,719.0,Completed
970,314,2023-06-07,23,19,3,402.89,1208.67,Completed
971,315,2022-02-27,206,40,2,465.16,930.32,Completed
972,316,2025-10-22,212,72,3,310.88,932.64,Completed
973,316,2025-10-22,212,87,4,264.83,1059.32,Completed
974,316,2025-10-22,212,48,3,415.18,1245.54,Completed
975,316,2025-10-22,212,70,4,439.46,1757.84,Completed
976,317,2025-02-20,361,34,2,146.82,293.64,Completed
977,317,2025-02-20,361,2,2,119.71,239.42,Completed
978,317,2025-02-20,361,55,1,405.59,405.59,Completed
979,317,2025-02-20,361,41,4,122.45,489.8,Completed
980,318,2025-10-08,393,58,1,425.26,425.26,Completed
981,319,2026-03-18,19,43,4,446.64,1786.56,Completed
982,319,2026-03-18,19,96,2,349.93,699.86,Completed
983,320,2026-01-25,216,48,4,415.18,1660.72,Completed
984,320,2026-01-25,216,97,1,77.73,77.73,Completed
985,320,2026-01-25,216,23,1,32.52,32.52,Completed
986,320,2026-01-25,216,35,2,144.6,289.2,Completed
987,321,2025-03-27,69,99,2,273.19,546.38,Completed
988,321,2025-03-27,69,94,3,60.39,181.17,Completed
989,321,2025-03-27,69,25,4,366.6,1466.4,Completed
990,321,2025-03-27,69,50,2,243.34,486.68,Completed
991,321,2025-03-27,69,67,3,276.75,830.25,Completed
992,322,2022-08-21,213,84,3,153.73,461.19,Processing
993,323,2024-02-23,197,50,4,243.34,973.36,Completed
994,323,2024-02-23,197,36,1,112.6,112.6,Completed
995,324,2025-05-09,36,87,4,264.83,1059.32,Completed
996,324,2025-05-09,36,6,1,196.57,196.57,Completed
997,324,2025-05-09,36,34,2,146.82,293.64,Completed
998,324,2025-05-09,36,53,1,298.35,298.35,Completed
999,325,2021-10-23,24,10,4,140.15,560.6,Completed
1000,325,2021-10-23,24,77,2,82.37,164.74,Completed
1001,325,2021-10-23,24,5,1,197.87,197.87,Completed
1002,326,2026-04-12,98,68,3,169.52,508.56,Completed
1003,326,2026-04-12,98,41,4,122.45,489.8,Completed
1004,327,2023-03-14,244,34,4,146.82,587.28,Shipped
1005,328,2025-12-01,123,7,1,480.03,480.03,Completed
1006,328,2025-12-01,123,90,1,164.21,164.21,Completed
1007,328,2025-12-01,123,23,2,32.52,65.04,Completed
1008,328,2025-12-01,123,83,3,284.61,853.83,Completed
1009,328,2025-12-01,123,3,2,479.96,959.92,Completed
1010,329,2026-04-03,181,35,2,144.6,289.2,Processing
1011,330,2025-04-01,447,2,4,119.71,478.84,Completed
1012,331,2025-06-26,394,4,1,194.26,194.26,Completed
1013,331,2025-06-26,394,68,4,169.52,678.08,Completed
1014,331,2025-06-26,394,42,4,81.98,327.92,Completed
1015,331,2025-06-26,394,10,1,140.15,140.15,Completed
1016,332,2023-12-01,138,49,1,193.89,193.89,Completed
1017,332,2023-12-01,138,20,4,302.33,1209.32,Completed
1018,333,2024-10-27,156,39,2,187.34,374.68,Shipped
1019,333,2024-10-27,156,69,2,114.37,228.74,Shipped
1020,333,2024-10-27,156,96,2,349.93,699.86,Shipped
1021,334,2026-04-08,427,8,3,291.43,874.29,Completed
1022,334,2026-04-08,427,81,1,135.75,135.75,Completed
1023,334,2026-04-08,427,10,4,140.15,560.6,Completed
1024,334,2026-04-08,427,73,3,474.1,1422.3,Completed
1025,334,2026-04-08,427,39,1,187.34,187.34,Completed
1026,335,2026-02-09,450,75,4,120.94,483.76,Completed
1027,335,2026-02-09,450,47,3,206.98,620.94,Completed
1028,335,2026-02-09,450,15,3,53.9,161.7,Completed
1029,336,2024-09-12,434,61,3,214.17,642.51,Completed
1030,336,2024-09-12,434,11,3,128.21,384.63,Completed
1031,337,2025-12-30,113,60,4,210.31,841.24,Processing
1032,337,2025-12-30,113,12,1,477.56,477.56,Processing
1033,337,2025-12-30,113,53,2,298.35,596.7,Processing
1034,338,2023-08-08,245,82,3,43.63,130.89,Shipped
1035,339,2025-01-08,134,76,1,334.46,334.46,Completed
1036,339,2025-01-08,134,7,4,480.03,1920.12,Completed
1037,339,2025-01-08,134,22,4,48.79,195.16,Completed
1038,339,2025-01-08,134,54,1,341.99,341.99,Completed
1039,339,2025-01-08,134,98,4,223.42,893.68,Completed
1040,340,2026-01-01,396,68,1,169.52,169.52,Completed
1041,341,2025-11-13,72,77,3,82.37,247.11,Completed
1042,341,2025-11-13,72,22,1,48.79,48.79,Completed
1043,341,2025-11-13,72,9,4,58.75,235.0,Completed
1044,341,2025-11-13,72,68,2,169.52,339.04,Completed
1045,342,2023-07-08,13,97,3,77.73,233.19,Completed
1046,342,2023-07-08,13,90,2,164.21,328.42,Completed
1047,342,2023-07-08,13,73,4,474.1,1896.4,Completed
1048,342,2023-07-08,13,93,1,258.69,258.69,Completed
1049,343,2025-01-27,105,52,2,340.83,681.66,Processing
1050,343,2025-01-27,105,29,4,305.3,1221.2,Processing
1051,343,2025-01-27,105,78,1,68.42,68.42,Processing
1052,343,2025-01-27,105,30,1,242.62,242.62,Processing
1053,344,2025-07-31,498,10,4,140.15,560.6,Completed
1054,344,2025-07-31,498,74,2,179.75,359.5,Completed
1055,345,2024-04-18,271,45,1,324.19,324.19,Completed
1056,346,2026-03-16,175,60,4,210.31,841.24,Shipped
1057,346,2026-03-16,175,5,3,197.87,593.61,Shipped
1058,346,2026-03-16,175,85,2,310.05,620.1,Shipped
1059,347,2021-12-26,182,19,3,402.89,1208.67,Completed
1060,347,2021-12-26,182,28,1,315.85,315.85,Completed
1061,347,2021-12-26,182,13,1,424.42,424.42,Completed
1062,347,2021-12-26,182,75,3,120.94,362.82,Completed
1063,348,2024-12-13,227,52,4,340.83,1363.32,Completed
1064,348,2024-12-13,227,36,2,112.6,225.2,Completed
1065,348,2024-12-13,227,20,3,302.33,906.99,Completed
1066,348,2024-12-13,227,3,2,479.96,959.92,Completed
1067,348,2024-12-13,227,30,3,242.62,727.86,Completed
1068,349,2023-05-07,6,49,1,193.89,193.89,Completed
1069,349,2023-05-07,6,63,3,163.78,491.34,Completed
1070,350,2026-02-27,408,68,4,169.52,678.08,Shipped
1071,350,2026-02-27,408,60,4,210.31,841.24,Shipped
1072,350,2026-02-27,408,63,3,163.78,491.34,Shipped
1073,350,2026-02-27,408,48,2,415.18,830.36,Shipped
1074,350,2026-02-27,408,7,2,480.03,960.06,Shipped
1075,351,2026-02-27,76,57,1,446.72,446.72,Completed
1076,352,2025-11-21,124,21,3,287.87,863.61,Completed
1077,352,2025-11-21,124,86,2,432.01,864.02,Completed
1078,352,2025-11-21,124,57,3,446.72,1340.16,Completed
1079,352,2025-11-21,124,72,3,310.88,932.64,Completed
1080,353,2025-01-29,202,52,2,340.83,681.66,Completed
1081,353,2025-01-29,202,73,2,474.1,948.2,Completed
1082,353,2025-01-29,202,55,4,405.59,1622.36,Completed
1083,353,2025-01-29,202,83,3,284.61,853.83,Completed
1084,354,2025-09-01,147,72,3,310.88,932.64,Shipped
1085,354,2025-09-01,147,76,4,334.46,1337.84,Shipped
1086,355,2021-11-10,236,35,3,144.6,433.8,Completed
1087,355,2021-11-10,236,17,4,425.88,1703.52,Completed
1088,355,2021-11-10,236,92,4,455.46,1821.84,Completed
1089,355,2021-11-10,236,73,2,474.1,948.2,Completed
1090,356,2024-05-02,64,54,3,341.99,1025.97,Completed
1091,356,2024-05-02,64,89,3,249.17,747.51,Completed
1092,356,2024-05-02,64,94,2,60.39,120.78,Completed
1093,356,2024-05-02,64,1,1,341.27,341.27,Completed
1094,357,2022-03-21,27,39,2,187.34,374.68,Completed
1095,358,2025-11-22,180,13,4,424.42,1697.68,Completed
1096,358,2025-11-22,180,98,2,223.42,446.84,Completed
1097,358,2025-11-22,180,6,3,196.57,589.71,Completed
1098,359,2025-04-18,46,45,1,324.19,324.19,Completed
1099,359,2025-04-18,46,8,3,291.43,874.29,Completed
1100,360,2025-12-25,445,30,1,242.62,242.62,Completed
1101,360,2025-12-25,445,1,2,341.27,682.54,Completed
1102,360,2025-12-25,445,80,4,38.87,155.48,Completed
1103,361,2026-02-24,189,15,3,53.9,161.7,Processing
1104,361,2026-02-24,189,36,3,112.6,337.8,Processing
1105,361,2026-02-24,189,69,1,114.37,114.37,Processing
1106,362,2024-10-15,434,23,2,32.52,65.04,Completed
1107,362,2024-10-15,434,38,2,49.02,98.04,Completed
1108,362,2024-10-15,434,55,2,405.59,811.18,Completed
1109,362,2024-10-15,434,73,3,474.1,1422.3,Completed
1110,363,2025-03-08,370,26,3,438.17,1314.51,Completed
1111,364,2025-10-18,411,4,4,194.26,777.04,Completed
1112,364,2025-10-18,411,95,1,423.64,423.64,Completed
1113,364,2025-10-18,411,32,4,244.11,976.44,Completed
1114,364,2025-10-18,411,60,2,210.31,420.62,Completed
1115,365,2024-07-25,38,96,4,349.93,1399.72,Completed
1116,366,2025-12-30,170,46,4,98.83,395.32,Completed
1117,367,2022-03-24,286,95,2,423.64,847.28,Completed
1118,368,2025-12-20,369,47,3,206.98,620.94,Completed
1119,368,2025-12-20,369,5,4,197.87,791.48,Completed
1120,369,2025-10-23,57,66,4,244.34,977.36,Completed
1121,370,2024-02-15,246,84,2,153.73,307.46,Shipped
1122,370,2024-02-15,246,89,3,249.17,747.51,Shipped
1123,370,2024-02-15,246,51,2,436.43,872.86,Shipped
1124,370,2024-02-15,246,87,1,264.83,264.83,Shipped
1125,370,2024-02-15,246,82,2,43.63,87.26,Shipped
1126,371,2025-12-22,291,21,1,287.87,287.87,Completed
1127,371,2025-12-22,291,39,3,187.34,562.02,Completed
1128,371,2025-12-22,291,64,4,79.12,316.48,Completed
1129,371,2025-12-22,291,100,4,380.07,1520.28,Completed
1130,372,2025-10-20,259,97,2,77.73,155.46,Completed
1131,372,2025-10-20,259,13,4,424.42,1697.68,Completed
1132,372,2025-10-20,259,64,4,79.12,316.48,Completed
1133,372,2025-10-20,259,74,3,179.75,539.25,Completed
1134,373,2025-12-25,70,89,3,249.17,747.51,Completed
1135,373,2025-12-25,70,44,4,21.82,87.28,Completed
1136,374,2025-06-23,73,27,3,388.74,1166.22,Processing
1137,374,2025-06-23,73,6,1,196.57,196.57,Processing
1138,374,2025-06-23,73,58,1,425.26,425.26,Processing
1139,374,2025-06-23,73,60,4,210.31,841.24,Processing
1140,375,2026-02-15,42,84,1,153.73,153.73,Completed
1141,376,2024-11-21,158,55,1,405.59,405.59,Completed
1142,376,2024-11-21,158,72,3,310.88,932.64,Completed
1143,376,2024-11-21,158,93,1,258.69,258.69,Completed
1144,376,2024-11-21,158,7,1,480.03,480.03,Completed
1145,376,2024-11-21,158,22,3,48.79,146.37,Completed
1146,377,2023-11-30,342,94,2,60.39,120.78,Completed
1147,377,2023-11-30,342,46,4,98.83,395.32,Completed
1148,377,2023-11-30,342,23,3,32.52,97.56,Completed
1149,378,2025-10-03,437,6,3,196.57,589.71,Completed
1150,378,2025-10-03,437,73,1,474.1,474.1,Completed
1151,379,2025-10-19,386,63,1,163.78,163.78,Cancelled
1152,379,2025-10-19,386,72,4,310.88,1243.52,Cancelled
1153,379,2025-10-19,386,59,4,453.63,1814.52,Cancelled
1154,379,2025-10-19,386,2,4,119.71,478.84,Cancelled
1155,379,2025-10-19,386,55,1,405.59,405.59,Cancelled
1156,380,2024-07-01,475,30,4,242.62,970.48,Completed
1157,381,2026-01-06,359,33,2,62.63,125.26,Completed
1158,381,2026-01-06,359,71,3,250.35,751.05,Completed
1159,381,2026-01-06,359,78,4,68.42,273.68,Completed
1160,381,2026-01-06,359,45,2,324.19,648.38,Completed
1161,381,2026-01-06,359,60,3,210.31,630.93,Completed
1162,382,2023-05-28,392,92,3,455.46,1366.38,Completed
1163,382,2023-05-28,392,86,4,432.01,1728.04,Completed
1164,383,2024-04-27,145,65,2,392.05,784.1,Completed
1165,383,2024-04-27,145,6,3,196.57,589.71,Completed
1166,383,2024-04-27,145,55,1,405.59,405.59,Completed
1167,383,2024-04-27,145,17,4,425.88,1703.52,Completed
1168,383,2024-04-27,145,1,2,341.27,682.54,Completed
1169,384,2025-12-07,492,92,1,455.46,455.46,Shipped
1170,384,2025-12-07,492,40,1,465.16,465.16,Shipped
1171,384,2025-12-07,492,88,2,253.31,506.62,Shipped
1172,384,2025-12-07,492,24,2,34.73,69.46,Shipped
1173,384,2025-12-07,492,15,2,53.9,107.8,Shipped
1174,385,2025-08-21,57,14,2,343.34,686.68,Completed
1175,385,2025-08-21,57,36,4,112.6,450.4,Completed
1176,386,2024-12-17,370,55,2,405.59,811.18,Cancelled
1177,386,2024-12-17,370,3,3,479.96,1439.88,Cancelled
1178,386,2024-12-17,370,94,1,60.39,60.39,Cancelled
1179,386,2024-12-17,370,10,2,140.15,280.3,Cancelled
1180,387,2026-01-25,31,77,3,82.37,247.11,Completed
1181,387,2026-01-25,31,47,2,206.98,413.96,Completed
1182,387,2026-01-25,31,5,1,197.87,197.87,Completed
1183,388,2025-12-01,461,85,2,310.05,620.1,Completed
1184,388,2025-12-01,461,24,4,34.73,138.92,Completed
1185,388,2025-12-01,461,75,2,120.94,241.88,Completed
1186,388,2025-12-01,461,72,3,310.88,932.64,Completed
1187,389,2023-01-30,282,42,1,81.98,81.98,Completed
1188,389,2023-01-30,282,88,4,253.31,1013.24,Completed
1189,390,2026-02-23,111,80,3,38.87,116.61,Completed
1190,390,2026-02-23,111,10,4,140.15,560.6,Completed
1191,391,2025-04-09,482,40,2,465.16,930.32,Completed
1192,391,2025-04-09,482,26,1,438.17,438.17,Completed
1193,391,2025-04-09,482,88,4,253.31,1013.24,Completed
1194,391,2025-04-09,482,1,1,341.27,341.27,Completed
1195,391,2025-04-09,482,70,2,439.46,878.92,Completed
1196,392,2023-07-19,462,17,3,425.88,1277.64,Completed
1197,393,2025-05-25,28,75,4,120.94,483.76,Completed
1198,393,2025-05-25,28,41,4,122.45,489.8,Completed
1199,393,2025-05-25,28,82,2,43.63,87.26,Completed
1200,393,2025-05-25,28,14,2,343.34,686.68,Completed
1201,394,2025-03-29,492,49,4,193.89,775.56,Processing
1202,394,2025-03-29,492,46,3,98.83,296.49,Processing
1203,394,2025-03-29,492,56,1,295.88,295.88,Processing
1204,395,2026-03-19,206,29,3,305.3,915.9,Completed
1205,395,2026-03-19,206,71,1,250.35,250.35,Completed
1206,395,2026-03-19,206,6,1,196.57,196.57,Completed
1207,395,2026-03-19,206,33,4,62.63,250.52,Completed
1208,396,2024-11-29,363,32,2,244.11,488.22,Shipped
1209,396,2024-11-29,363,48,3,415.18,1245.54,Shipped
1210,396,2024-11-29,363,24,4,34.73,138.92,Shipped
1211,397,2023-04-14,424,8,1,291.43,291.43,Processing
1212,397,2023-04-14,424,15,4,53.9,215.6,Processing
1213,397,2023-04-14,424,1,3,341.27,1023.81,Processing
1214,397,2023-04-14,424,13,3,424.42,1273.26,Processing
1215,398,2022-01-09,99,85,2,310.05,620.1,Shipped
1216,398,2022-01-09,99,77,2,82.37,164.74,Shipped
1217,398,2022-01-09,99,32,2,244.11,488.22,Shipped
1218,398,2022-01-09,99,1,3,341.27,1023.81,Shipped
1219,398,2022-01-09,99,100,1,380.07,380.07,Shipped
1220,399,2024-07-23,135,37,3,167.33,501.99,Completed
1221,399,2024-07-23,135,83,1,284.61,284.61,Completed
1222,400,2026-02-20,196,73,3,474.1,1422.3,Completed
1223,400,2026-02-20,196,12,3,477.56,1432.68,Completed
1224,400,2026-02-20,196,44,4,21.82,87.28,Completed
1225,400,2026-02-20,196,2,4,119.71,478.84,Completed
1226,401,2026-04-08,384,56,1,295.88,295.88,Completed
1227,402,2024-07-24,442,97,3,77.73,233.19,Completed
1228,402,2024-07-24,442,55,3,405.59,1216.77,Completed
1229,402,2024-07-24,442,56,3,295.88,887.64,Completed
1230,402,2024-07-24,442,51,4,436.43,1745.72,Completed
1231,403,2023-03-20,232,6,1,196.57,196.57,Completed
1232,403,2023-03-20,232,77,1,82.37,82.37,Completed
1233,403,2023-03-20,232,10,1,140.15,140.15,Completed
1234,404,2024-10-13,81,25,2,366.6,733.2,Processing
1235,404,2024-10-13,81,8,3,291.43,874.29,Processing
1236,404,2024-10-13,81,60,3,210.31,630.93,Processing
1237,405,2024-11-01,36,84,3,153.73,461.19,Completed
1238,405,2024-11-01,36,80,4,38.87,155.48,Completed
1239,405,2024-11-01,36,77,4,82.37,329.48,Completed
1240,405,2024-11-01,36,61,3,214.17,642.51,Completed
1241,405,2024-11-01,36,18,2,250.54,501.08,Completed
1242,406,2025-05-08,230,26,2,438.17,876.34,Shipped
1243,406,2025-05-08,230,31,4,314.73,1258.92,Shipped
1244,406,2025-05-08,230,47,1,206.98,206.98,Shipped
1245,407,2025-12-24,332,33,2,62.63,125.26,Completed
1246,408,2026-03-04,130,24,1,34.73,34.73,Completed
1247,408,2026-03-04,130,57,3,446.72,1340.16,Completed
1248,408,2026-03-04,130,41,1,122.45,122.45,Completed
1249,408,2026-03-04,130,1,2,341.27,682.54,Completed
1250,408,2026-03-04,130,72,4,310.88,1243.52,Completed
1251,409,2025-11-02,54,54,2,341.99,683.98,Completed
1252,409,2025-11-02,54,12,1,477.56,477.56,Completed
1253,409,2025-11-02,54,90,1,164.21,164.21,Completed
1254,409,2025-11-02,54,68,4,169.52,678.08,Completed
1255,409,2025-11-02,54,27,2,388.74,777.48,Completed
1256,410,2023-11-21,458,48,3,415.18,1245.54,Completed
1257,410,2023-11-21,458,98,1,223.42,223.42,Completed
1258,411,2026-03-30,189,45,1,324.19,324.19,Processing
1259,411,2026-03-30,189,93,3,258.69,776.07,Processing
1260,411,2026-03-30,189,76,4,334.46,1337.84,Processing
1261,412,2026-03-30,305,72,2,310.88,621.76,Completed
1262,412,2026-03-30,305,15,1,53.9,53.9,Completed
1263,412,2026-03-30,305,71,4,250.35,1001.4,Completed
1264,413,2026-04-12,84,18,4,250.54,1002.16,Completed
1265,414,2024-11-05,109,56,2,295.88,591.76,Shipped
1266,414,2024-11-05,109,26,1,438.17,438.17,Shipped
1267,414,2024-11-05,109,38,4,49.02,196.08,Shipped
1268,415,2022-12-01,35,98,3,223.42,670.26,Shipped
1269,415,2022-12-01,35,68,3,169.52,508.56,Shipped
1270,415,2022-12-01,35,5,2,197.87,395.74,Shipped
1271,415,2022-12-01,35,31,3,314.73,944.19,Shipped
1272,416,2023-08-30,500,42,3,81.98,245.94,Completed
1273,416,2023-08-30,500,67,3,276.75,830.25,Completed
1274,417,2026-03-21,300,53,4,298.35,1193.4,Completed
1275,417,2026-03-21,300,3,1,479.96,479.96,Completed
1276,417,2026-03-21,300,64,4,79.12,316.48,Completed
1277,417,2026-03-21,300,47,3,206.98,620.94,Completed
1278,418,2024-01-10,278,42,4,81.98,327.92,Completed
1279,418,2024-01-10,278,29,1,305.3,305.3,Completed
1280,418,2024-01-10,278,55,3,405.59,1216.77,Completed
1281,418,2024-01-10,278,41,2,122.45,244.9,Completed
1282,418,2024-01-10,278,53,4,298.35,1193.4,Completed
1283,419,2025-09-22,321,34,3,146.82,440.46,Completed
1284,419,2025-09-22,321,47,1,206.98,206.98,Completed
1285,419,2025-09-22,321,7,4,480.03,1920.12,Completed
1286,419,2025-09-22,321,27,3,388.74,1166.22,Completed
1287,420,2025-12-23,433,100,2,380.07,760.14,Completed
1288,420,2025-12-23,433,95,2,423.64,847.28,Completed
1289,420,2025-12-23,433,17,3,425.88,1277.64,Completed
1290,420,2025-12-23,433,52,4,340.83,1363.32,Completed
1291,420,2025-12-23,433,87,3,264.83,794.49,Completed
1292,421,2024-12-24,424,65,1,392.05,392.05,Shipped
1293,422,2025-01-29,478,93,2,258.69,517.38,Completed
1294,422,2025-01-29,478,39,4,187.34,749.36,Completed
1295,422,2025-01-29,478,98,1,223.42,223.42,Completed
1296,422,2025-01-29,478,35,4,144.6,578.4,Completed
1297,423,2025-03-23,160,3,4,479.96,1919.84,Cancelled
1298,423,2025-03-23,160,43,4,446.64,1786.56,Cancelled
1299,423,2025-03-23,160,23,2,32.52,65.04,Cancelled
1300,424,2025-10-31,103,41,3,122.45,367.35,Completed
1301,424,2025-10-31,103,79,3,265.84,797.52,Completed
1302,424,2025-10-31,103,19,1,402.89,402.89,Completed
1303,425,2023-09-12,218,44,1,21.82,21.82,Completed
1304,425,2023-09-12,218,67,4,276.75,1107.0,Completed
1305,426,2025-06-04,327,16,4,454.47,1817.88,Completed
1306,426,2025-06-04,327,53,2,298.35,596.7,Completed
1307,426,2025-06-04,327,31,4,314.73,1258.92,Completed
1308,426,2025-06-04,327,34,2,146.82,293.64,Completed
1309,426,2025-06-04,327,56,2,295.88,591.76,Completed
1310,427,2025-12-13,419,96,3,349.93,1049.79,Completed
1311,428,2025-05-26,435,93,3,258.69,776.07,Completed
1312,428,2025-05-26,435,70,3,439.46,1318.38,Completed
1313,428,2025-05-26,435,23,3,32.52,97.56,Completed
1314,428,2025-05-26,435,49,4,193.89,775.56,Completed
1315,429,2023-06-30,234,68,2,169.52,339.04,Completed
1316,429,2023-06-30,234,9,1,58.75,58.75,Completed
1317,429,2023-06-30,234,42,4,81.98,327.92,Completed
1318,430,2025-05-27,307,62,1,215.7,215.7,Completed
1319,430,2025-05-27,307,44,4,21.82,87.28,Completed
1320,430,2025-05-27,307,93,1,258.69,258.69,Completed
1321,431,2026-02-04,443,20,2,302.33,604.66,Completed
1322,432,2026-02-18,403,5,1,197.87,197.87,Completed
1323,432,2026-02-18,403,38,1,49.02,49.02,Completed
1324,433,2026-02-20,19,88,4,253.31,1013.24,Shipped
1325,433,2026-02-20,19,75,2,120.94,241.88,Shipped
1326,433,2026-02-20,19,24,4,34.73,138.92,Shipped
1327,433,2026-02-20,19,21,3,287.87,863.61,Shipped
1328,434,2026-03-04,264,12,2,477.56,955.12,Completed
1329,434,2026-03-04,264,42,2,81.98,163.96,Completed
1330,434,2026-03-04,264,44,3,21.82,65.46,Completed
1331,434,2026-03-04,264,65,1,392.05,392.05,Completed
1332,434,2026-03-04,264,66,1,244.34,244.34,Completed
1333,435,2025-08-18,108,26,4,438.17,1752.68,Completed
1334,435,2025-08-18,108,14,4,343.34,1373.36,Completed
1335,436,2023-05-19,429,83,2,284.61,569.22,Completed
1336,436,2023-05-19,429,67,1,276.75,276.75,Completed
1337,436,2023-05-19,429,7,4,480.03,1920.12,Completed
1338,436,2023-05-19,429,87,4,264.83,1059.32,Completed
1339,437,2025-10-08,130,20,4,302.33,1209.32,Completed
1340,437,2025-10-08,130,4,2,194.26,388.52,Completed
1341,437,2025-10-08,130,97,2,77.73,155.46,Completed
1342,438,2024-01-31,123,61,1,214.17,214.17,Completed
1343,438,2024-01-31,123,97,2,77.73,155.46,Completed
1344,438,2024-01-31,123,27,4,388.74,1554.96,Completed
1345,438,2024-01-31,123,20,4,302.33,1209.32,Completed
1346,439,2024-12-19,404,2,1,119.71,119.71,Completed
1347,439,2024-12-19,404,75,2,120.94,241.88,Completed
1348,439,2024-12-19,404,89,4,249.17,996.68,Completed
1349,440,2025-02-18,26,97,4,77.73,310.92,Completed
1350,440,2025-02-18,26,24,2,34.73,69.46,Completed
1351,440,2025-02-18,26,20,3,302.33,906.99,Completed
1352,440,2025-02-18,26,54,2,341.99,683.98,Completed
1353,440,2025-02-18,26,90,4,164.21,656.84,Completed
1354,441,2026-04-12,225,87,2,264.83,529.66,Completed
1355,441,2026-04-12,225,31,4,314.73,1258.92,Completed
1356,441,2026-04-12,225,22,2,48.79,97.58,Completed
1357,441,2026-04-12,225,100,3,380.07,1140.21,Completed
1358,442,2026-03-25,99,63,4,163.78,655.12,Completed
1359,442,2026-03-25,99,84,3,153.73,461.19,Completed
1360,442,2026-03-25,99,45,4,324.19,1296.76,Completed
1361,442,2026-03-25,99,83,4,284.61,1138.44,Completed
1362,443,2024-04-11,222,56,2,295.88,591.76,Completed
1363,443,2024-04-11,222,9,1,58.75,58.75,Completed
1364,443,2024-04-11,222,37,3,167.33,501.99,Completed
1365,444,2023-08-08,80,2,2,119.71,239.42,Completed
1366,444,2023-08-08,80,44,1,21.82,21.82,Completed
1367,444,2023-08-08,80,7,1,480.03,480.03,Completed
1368,444,2023-08-08,80,78,1,68.42,68.42,Completed
1369,445,2025-01-20,436,57,2,446.72,893.44,Completed
1370,445,2025-01-20,436,21,4,287.87,1151.48,Completed
1371,446,2023-06-09,278,40,2,465.16,930.32,Completed
1372,446,2023-06-09,278,78,1,68.42,68.42,Completed
1373,447,2023-06-18,287,77,2,82.37,164.74,Completed
1374,447,2023-06-18,287,63,3,163.78,491.34,Completed
1375,447,2023-06-18,287,56,4,295.88,1183.52,Completed
1376,447,2023-06-18,287,40,4,465.16,1860.64,Completed
1377,447,2023-06-18,287,72,4,310.88,1243.52,Completed
1378,448,2024-04-23,212,44,2,21.82,43.64,Completed
1379,449,2026-04-05,308,6,2,196.57,393.14,Cancelled
1380,449,2026-04-05,308,74,4,179.75,719.0,Cancelled
1381,449,2026-04-05,308,21,1,287.87,287.87,Cancelled
1382,449,2026-04-05,308,38,3,49.02,147.06,Cancelled
1383,450,2025-10-29,324,70,4,439.46,1757.84,Completed
1384,450,2025-10-29,324,56,1,295.88,295.88,Completed
1385,450,2025-10-29,324,30,3,242.62,727.86,Completed
1386,450,2025-10-29,324,92,2,455.46,910.92,Completed
1387,450,2025-10-29,324,18,1,250.54,250.54,Completed
1388,451,2025-08-20,231,6,3,196.57,589.71,Completed
1389,451,2025-08-20,231,53,3,298.35,895.05,Completed
1390,451,2025-08-20,231,8,3,291.43,874.29,Completed
1391,451,2025-08-20,231,12,3,477.56,1432.68,Completed
1392,452,2026-04-08,18,48,1,415.18,415.18,Completed
1393,452,2026-04-08,18,42,2,81.98,163.96,Completed
1394,452,2026-04-08,18,20,3,302.33,906.99,Completed
1395,452,2026-04-08,18,88,3,253.31,759.93,Completed
1396,453,2025-11-10,318,62,2,215.7,431.4,Completed
1397,453,2025-11-10,318,38,2,49.02,98.04,Completed
1398,453,2025-11-10,318,42,1,81.98,81.98,Completed
1399,453,2025-11-10,318,64,4,79.12,316.48,Completed
1400,453,2025-11-10,318,96,1,349.93,349.93,Completed
1401,454,2026-01-02,456,25,2,366.6,733.2,Completed
1402,454,2026-01-02,456,50,2,243.34,486.68,Completed
1403,454,2026-01-02,456,95,2,423.64,847.28,Completed
1404,454,2026-01-02,456,31,1,314.73,314.73,Completed
1405,454,2026-01-02,456,4,2,194.26,388.52,Completed
1406,455,2023-12-04,235,61,3,214.17,642.51,Completed
1407,455,2023-12-04,235,30,1,242.62,242.62,Completed
1408,455,2023-12-04,235,88,1,253.31,253.31,Completed
1409,455,2023-12-04,235,41,2,122.45,244.9,Completed
1410,455,2023-12-04,235,33,1,62.63,62.63,Completed
1411,456,2025-11-24,120,44,1,21.82,21.82,Completed
1412,456,2025-11-24,120,71,4,250.35,1001.4,Completed
1413,456,2025-11-24,120,80,4,38.87,155.48,Completed
1414,456,2025-11-24,120,9,2,58.75,117.5,Completed
1415,457,2026-03-24,203,90,2,164.21,328.42,Shipped
1416,457,2026-03-24,203,77,4,82.37,329.48,Shipped
1417,458,2024-09-13,12,94,3,60.39,181.17,Shipped
1418,458,2024-09-13,12,60,4,210.31,841.24,Shipped
1419,458,2024-09-13,12,69,3,114.37,343.11,Shipped
1420,459,2022-02-27,373,63,1,163.78,163.78,Completed
1421,459,2022-02-27,373,13,2,424.42,848.84,Completed
1422,459,2022-02-27,373,79,1,265.84,265.84,Completed
1423,459,2022-02-27,373,27,2,388.74,777.48,Completed
1424,459,2022-02-27,373,29,3,305.3,915.9,Completed
1425,460,2022-05-15,95,27,4,388.74,1554.96,Cancelled
1426,460,2022-05-15,95,64,2,79.12,158.24,Cancelled
1427,460,2022-05-15,95,96,4,349.93,1399.72,Cancelled
1428,461,2025-09-30,419,73,4,474.1,1896.4,Completed
1429,461,2025-09-30,419,81,3,135.75,407.25,Completed
1430,461,2025-09-30,419,75,1,120.94,120.94,Completed
1431,461,2025-09-30,419,62,1,215.7,215.7,Completed
1432,461,2025-09-30,419,43,4,446.64,1786.56,Completed
1433,462,2025-09-26,120,42,1,81.98,81.98,Completed
1434,462,2025-09-26,120,49,3,193.89,581.67,Completed
1435,462,2025-09-26,120,85,3,310.05,930.15,Completed
1436,462,2025-09-26,120,15,2,53.9,107.8,Completed
1437,462,2025-09-26,120,57,2,446.72,893.44,Completed
1438,463,2026-02-17,432,32,2,244.11,488.22,Shipped
1439,463,2026-02-17,432,91,4,227.19,908.76,Shipped
1440,463,2026-02-17,432,100,2,380.07,760.14,Shipped
1441,464,2025-12-29,308,65,1,392.05,392.05,Completed
1442,465,2022-12-15,465,18,3,250.54,751.62,Completed
1443,465,2022-12-15,465,76,3,334.46,1003.38,Completed
1444,466,2024-09-15,239,48,3,415.18,1245.54,Completed
1445,466,2024-09-15,239,57,3,446.72,1340.16,Completed
1446,466,2024-09-15,239,68,2,169.52,339.04,Completed
1447,466,2024-09-15,239,36,4,112.6,450.4,Completed
1448,466,2024-09-15,239,47,3,206.98,620.94,Completed
1449,467,2024-09-24,159,67,1,276.75,276.75,Shipped
1450,467,2024-09-24,159,6,1,196.57,196.57,Shipped
1451,467,2024-09-24,159,81,1,135.75,135.75,Shipped
1452,467,2024-09-24,159,35,1,144.6,144.6,Shipped
1453,467,2024-09-24,159,63,1,163.78,163.78,Shipped
1454,468,2025-01-07,480,44,1,21.82,21.82,Completed
1455,469,2026-03-16,59,60,2,210.31,420.62,Completed
1456,469,2026-03-16,59,32,4,244.11,976.44,Completed
1457,470,2025-10-17,426,7,3,480.03,1440.09,Shipped
1458,471,2026-03-04,175,38,4,49.02,196.08,Completed
1459,471,2026-03-04,175,5,3,197.87,593.61,Completed
1460,471,2026-03-04,175,18,2,250.54,501.08,Completed
1461,471,2026-03-04,175,12,4,477.56,1910.24,Completed
1462,471,2026-03-04,175,15,3,53.9,161.7,Completed
1463,472,2025-10-02,108,82,1,43.63,43.63,Completed
1464,472,2025-10-02,108,67,3,276.75,830.25,Completed
1465,473,2022-11-17,469,26,4,438.17,1752.68,Completed
1466,473,2022-11-17,469,88,2,253.31,506.62,Completed
1467,474,2022-09-10,148,66,3,244.34,733.02,Completed
1468,474,2022-09-10,148,56,3,295.88,887.64,Completed
1469,474,2022-09-10,148,52,4,340.83,1363.32,Completed
1470,474,2022-09-10,148,49,4,193.89,775.56,Completed
1471,474,2022-09-10,148,59,1,453.63,453.63,Completed
1472,475,2025-12-23,82,93,1,258.69,258.69,Completed
1473,475,2025-12-23,82,36,3,112.6,337.8,Completed
1474,476,2025-05-03,375,14,4,343.34,1373.36,Completed
1475,476,2025-05-03,375,89,4,249.17,996.68,Completed
1476,477,2025-04-26,376,10,4,140.15,560.6,Completed
1477,477,2025-04-26,376,32,2,244.11,488.22,Completed
1478,477,2025-04-26,376,57,4,446.72,1786.88,Completed
1479,477,2025-04-26,376,14,1,343.34,343.34,Completed
1480,477,2025-04-26,376,37,1,167.33,167.33,Completed
1481,478,2025-01-13,85,26,2,438.17,876.34,Completed
1482,478,2025-01-13,85,15,1,53.9,53.9,Completed
1483,478,2025-01-13,85,20,4,302.33,1209.32,Completed
1484,479,2025-12-05,212,79,4,265.84,1063.36,Completed
1485,479,2025-12-05,212,17,1,425.88,425.88,Completed
1486,479,2025-12-05,212,66,2,244.34,488.68,Completed
1487,480,2024-05-28,314,55,4,405.59,1622.36,Completed
1488,481,2026-01-07,57,23,3,32.52,97.56,Completed
1489,482,2022-12-01,152,27,2,388.74,777.48,Completed
1490,482,2022-12-01,152,92,3,455.46,1366.38,Completed
1491,483,2025-03-10,143,81,4,135.75,543.0,Completed
1492,483,2025-03-10,143,62,3,215.7,647.1,Completed
1493,483,2025-03-10,143,20,4,302.33,1209.32,Completed
1494,483,2025-03-10,143,83,2,284.61,569.22,Completed
1495,484,2024-01-20,221,37,1,167.33,167.33,Completed
1496,484,2024-01-20,221,46,4,98.83,395.32,Completed
1497,484,2024-01-20,221,43,1,446.64,446.64,Completed
1498,484,2024-01-20,221,81,4,135.75,543.0,Completed
1499,485,2024-09-19,204,62,3,215.7,647.1,Shipped
1500,485,2024-09-19,204,40,3,465.16,1395.48,Shipped
1501,485,2024-09-19,204,71,4,250.35,1001.4,Shipped
1502,485,2024-09-19,204,98,3,223.42,670.26,Shipped
1503,486,2025-03-23,28,93,3,258.69,776.07,Completed
1504,487,2023-12-24,199,56,2,295.88,591.76,Shipped
1505,488,2024-10-18,278,96,3,349.93,1049.79,Completed
1506,488,2024-10-18,278,20,2,302.33,604.66,Completed
1507,488,2024-10-18,278,56,1,295.88,295.88,Completed
1508,488,2024-10-18,278,38,4,49.02,196.08,Completed
1509,488,2024-10-18,278,76,2,334.46,668.92,Completed
1510,489,2026-03-21,186,85,3,310.05,930.15,Shipped
1511,489,2026-03-21,186,78,2,68.42,136.84,Shipped
1512,489,2026-03-21,186,11,3,128.21,384.63,Shipped
1513,489,2026-03-21,186,28,4,315.85,1263.4,Shipped
1514,489,2026-03-21,186,67,4,276.75,1107.0,Shipped
1515,490,2023-08-12,290,52,4,340.83,1363.32,Completed
1516,490,2023-08-12,290,38,3,49.02,147.06,Completed
1517,491,2026-02-27,45,22,2,48.79,97.58,Completed
1518,491,2026-02-27,45,54,4,341.99,1367.96,Completed
1519,492,2024-05-06,328,74,4,179.75,719.0,Completed
1520,492,2024-05-06,328,90,2,164.21,328.42,Completed
1521,493,2026-02-27,165,39,3,187.34,562.02,Completed
1522,493,2026-02-27,165,87,3,264.83,794.49,Completed
1523,493,2026-02-27,165,57,2,446.72,893.44,Completed
1524,493,2026-02-27,165,49,3,193.89,581.67,Completed
1525,493,2026-02-27,165,83,4,284.61,1138.44,Completed
1526,494,2025-12-31,340,19,3,402.89,1208.67,Completed
1527,494,2025-12-31,340,94,4,60.39,241.56,Completed
1528,495,2025-08-14,472,87,1,264.83,264.83,Completed
1529,495,2025-08-14,472,5,3,197.87,593.61,Completed
1530,495,2025-08-14,472,61,2,214.17,428.34,Completed
1531,495,2025-08-14,472,59,4,453.63,1814.52,Completed
1532,495,2025-08-14,472,32,1,244.11,244.11,Completed
1533,496,2024-10-07,285,27,4,388.74,1554.96,Completed
1534,496,2024-10-07,285,42,3,81.98,245.94,Completed
1535,496,2024-10-07,285,53,3,298.35,895.05,Completed
1536,496,2024-10-07,285,35,4,144.6,578.4,Completed
1537,497,2022-08-30,456,20,3,302.33,906.99,Completed
1538,498,2024-12-30,200,65,4,392.05,1568.2,Completed
1539,498,2024-12-30,200,86,3,432.01,1296.03,Completed
1540,499,2025-08-06,132,1,3,341.27,1023.81,Completed
1541,499,2025-08-06,132,12,4,477.56,1910.24,Completed
1542,499,2025-08-06,132,91,4,227.19,908.76,Completed
1543,499,2025-08-06,132,72,2,310.88,621.76,Completed
1544,499,2025-08-06,132,64,4,79.12,316.48,Completed
1545,500,2025-09-13,42,39,4,187.34,749.36,Shipped
1546,501,2026-03-18,30,91,2,227.19,454.38,Processing
1547,501,2026-03-18,30,39,1,187.34,187.34,Processing
1548,501,2026-03-18,30,32,2,244.11,488.22,Processing
1549,502,2025-10-31,221,29,1,305.3,305.3,Shipped
1550,502,2025-10-31,221,11,4,128.21,512.84,Shipped
1551,502,2025-10-31,221,100,1,380.07,380.07,Shipped
1552,502,2025-10-31,221,78,1,68.42,68.42,Shipped
1553,503,2022-06-29,90,12,4,477.56,1910.24,Completed
1554,503,2022-06-29,90,69,4,114.37,457.48,Completed
1555,503,2022-06-29,90,9,4,58.75,235.0,Completed
1556,503,2022-06-29,90,33,1,62.63,62.63,Completed
1557,503,2022-06-29,90,20,3,302.33,906.99,Completed
1558,504,2025-01-04,454,29,3,305.3,915.9,Completed
1559,504,2025-01-04,454,19,3,402.89,1208.67,Completed
1560,505,2024-02-05,352,36,3,112.6,337.8,Processing
1561,505,2024-02-05,352,30,2,242.62,485.24,Processing
1562,505,2024-02-05,352,53,2,298.35,596.7,Processing
1563,505,2024-02-05,352,18,1,250.54,250.54,Processing
1564,506,2025-01-21,248,24,1,34.73,34.73,Shipped
1565,506,2025-01-21,248,21,2,287.87,575.74,Shipped
1566,506,2025-01-21,248,77,4,82.37,329.48,Shipped
1567,506,2025-01-21,248,88,1,253.31,253.31,Shipped
1568,506,2025-01-21,248,67,4,276.75,1107.0,Shipped
1569,507,2024-05-29,140,19,4,402.89,1611.56,Completed
1570,507,2024-05-29,140,57,1,446.72,446.72,Completed
1571,507,2024-05-29,140,41,1,122.45,122.45,Completed
1572,507,2024-05-29,140,72,4,310.88,1243.52,Completed
1573,508,2026-02-12,191,53,3,298.35,895.05,Shipped
1574,509,2025-12-04,224,46,3,98.83,296.49,Completed
1575,509,2025-12-04,224,14,3,343.34,1030.02,Completed
1576,509,2025-12-04,224,35,2,144.6,289.2,Completed
1577,510,2025-10-26,39,93,1,258.69,258.69,Completed
1578,510,2025-10-26,39,83,3,284.61,853.83,Completed
1579,510,2025-10-26,39,25,2,366.6,733.2,Completed
1580,510,2025-10-26,39,41,4,122.45,489.8,Completed
1581,511,2024-07-18,90,62,3,215.7,647.1,Cancelled
1582,511,2024-07-18,90,32,1,244.11,244.11,Cancelled
1583,511,2024-07-18,90,67,2,276.75,553.5,Cancelled
1584,511,2024-07-18,90,2,4,119.71,478.84,Cancelled
1585,511,2024-07-18,90,49,4,193.89,775.56,Cancelled
1586,512,2025-12-20,300,49,3,193.89,581.67,Processing
1587,512,2025-12-20,300,87,4,264.83,1059.32,Processing
1588,513,2022-04-09,246,13,4,424.42,1697.68,Shipped
1589,514,2025-09-04,318,57,1,446.72,446.72,Completed
1590,514,2025-09-04,318,9,2,58.75,117.5,Completed
1591,514,2025-09-04,318,81,4,135.75,543.0,Completed
1592,514,2025-09-04,318,75,4,120.94,483.76,Completed
1593,514,2025-09-04,318,34,3,146.82,440.46,Completed
1594,515,2025-09-13,10,39,1,187.34,187.34,Shipped
1595,515,2025-09-13,10,94,2,60.39,120.78,Shipped
1596,515,2025-09-13,10,6,4,196.57,786.28,Shipped
1597,516,2023-03-30,139,19,2,402.89,805.78,Processing
1598,516,2023-03-30,139,77,2,82.37,164.74,Processing
1599,516,2023-03-30,139,18,1,250.54,250.54,Processing
1600,517,2025-05-22,2,50,3,243.34,730.02,Completed
1601,517,2025-05-22,2,44,2,21.82,43.64,Completed
1602,517,2025-05-22,2,58,1,425.26,425.26,Completed
1603,517,2025-05-22,2,76,1,334.46,334.46,Completed
1604,518,2025-07-30,289,15,3,53.9,161.7,Completed
1605,518,2025-07-30,289,52,4,340.83,1363.32,Completed
1606,518,2025-07-30,289,98,1,223.42,223.42,Completed
1607,518,2025-07-30,289,35,4,144.6,578.4,Completed
1608,519,2026-02-24,408,56,3,295.88,887.64,Completed
1609,519,2026-02-24,408,35,3,144.6,433.8,Completed
1610,519,2026-02-24,408,47,4,206.98,827.92,Completed
1611,519,2026-02-24,408,44,1,21.82,21.82,Completed
1612,519,2026-02-24,408,87,1,264.83,264.83,Completed
1613,520,2025-10-30,194,36,4,112.6,450.4,Completed
1614,521,2025-05-24,401,85,3,310.05,930.15,Completed
1615,521,2025-05-24,401,91,2,227.19,454.38,Completed
1616,521,2025-05-24,401,76,3,334.46,1003.38,Completed
1617,522,2025-09-03,72,27,4,388.74,1554.96,Completed
1618,522,2025-09-03,72,1,3,341.27,1023.81,Completed
1619,522,2025-09-03,72,62,1,215.7,215.7,Completed
1620,523,2022-04-05,449,32,1,244.11,244.11,Completed
1621,523,2022-04-05,449,39,2,187.34,374.68,Completed
1622,523,2022-04-05,449,75,3,120.94,362.82,Completed
1623,523,2022-04-05,449,67,1,276.75,276.75,Completed
1624,523,2022-04-05,449,95,4,423.64,1694.56,Completed
1625,524,2024-07-03,84,62,4,215.7,862.8,Completed
1626,524,2024-07-03,84,50,2,243.34,486.68,Completed
1627,524,2024-07-03,84,22,3,48.79,146.37,Completed
1628,524,2024-07-03,84,45,2,324.19,648.38,Completed
1629,525,2024-12-26,103,87,3,264.83,794.49,Shipped
1630,525,2024-12-26,103,51,2,436.43,872.86,Shipped
1631,525,2024-12-26,103,24,2,34.73,69.46,Shipped
1632,526,2022-09-26,13,63,3,163.78,491.34,Shipped
1633,526,2022-09-26,13,9,3,58.75,176.25,Shipped
1634,526,2022-09-26,13,44,4,21.82,87.28,Shipped
1635,527,2025-02-01,487,46,4,98.83,395.32,Completed
1636,527,2025-02-01,487,40,4,465.16,1860.64,Completed
1637,527,2025-02-01,487,83,2,284.61,569.22,Completed
1638,527,2025-02-01,487,82,2,43.63,87.26,Completed
1639,527,2025-02-01,487,27,4,388.74,1554.96,Completed
1640,528,2026-03-23,335,12,1,477.56,477.56,Completed
1641,528,2026-03-23,335,25,3,366.6,1099.8,Completed
1642,528,2026-03-23,335,69,4,114.37,457.48,Completed
1643,528,2026-03-23,335,84,3,153.73,461.19,Completed
1644,529,2025-12-04,406,35,4,144.6,578.4,Cancelled
1645,529,2025-12-04,406,14,3,343.34,1030.02,Cancelled
1646,529,2025-12-04,406,13,3,424.42,1273.26,Cancelled
1647,529,2025-12-04,406,45,4,324.19,1296.76,Cancelled
1648,530,2025-08-15,71,82,2,43.63,87.26,Completed
1649,530,2025-08-15,71,45,1,324.19,324.19,Completed
1650,530,2025-08-15,71,34,4,146.82,587.28,Completed
1651,531,2024-02-20,176,20,4,302.33,1209.32,Completed
1652,531,2024-02-20,176,12,2,477.56,955.12,Completed
1653,532,2026-02-14,139,61,2,214.17,428.34,Processing
1654,533,2026-03-29,56,66,4,244.34,977.36,Completed
1655,534,2023-07-27,132,49,2,193.89,387.78,Completed
1656,534,2023-07-27,132,79,1,265.84,265.84,Completed
1657,535,2024-05-29,282,25,1,366.6,366.6,Shipped
1658,535,2024-05-29,282,68,1,169.52,169.52,Shipped
1659,536,2026-01-31,62,85,1,310.05,310.05,Cancelled
1660,536,2026-01-31,62,16,2,454.47,908.94,Cancelled
1661,537,2024-08-13,53,19,2,402.89,805.78,Completed
1662,537,2024-08-13,53,34,3,146.82,440.46,Completed
1663,537,2024-08-13,53,44,2,21.82,43.64,Completed
1664,537,2024-08-13,53,55,2,405.59,811.18,Completed
1665,537,2024-08-13,53,54,2,341.99,683.98,Completed
1666,538,2026-02-25,241,39,4,187.34,749.36,Completed
1667,539,2026-04-16,167,50,2,243.34,486.68,Completed
1668,539,2026-04-16,167,82,4,43.63,174.52,Completed
1669,539,2026-04-16,167,30,2,242.62,485.24,Completed
1670,539,2026-04-16,167,9,3,58.75,176.25,Completed
1671,540,2026-01-15,70,46,2,98.83,197.66,Processing
1672,541,2025-01-25,226,67,2,276.75,553.5,Completed
1673,541,2025-01-25,226,54,4,341.99,1367.96,Completed
1674,541,2025-01-25,226,77,1,82.37,82.37,Completed
1675,541,2025-01-25,226,72,1,310.88,310.88,Completed
1676,541,2025-01-25,226,29,4,305.3,1221.2,Completed
1677,542,2021-05-30,4,80,2,38.87,77.74,Completed
1678,542,2021-05-30,4,21,2,287.87,575.74,Completed
1679,542,2021-05-30,4,68,3,169.52,508.56,Completed
1680,542,2021-05-30,4,23,4,32.52,130.08,Completed
1681,543,2025-08-17,476,95,3,423.64,1270.92,Completed
1682,543,2025-08-17,476,47,2,206.98,413.96,Completed
1683,543,2025-08-17,476,92,3,455.46,1366.38,Completed
1684,544,2025-12-01,33,3,4,479.96,1919.84,Shipped
1685,544,2025-12-01,33,32,3,244.11,732.33,Shipped
1686,544,2025-12-01,33,75,4,120.94,483.76,Shipped
1687,544,2025-12-01,33,58,3,425.26,1275.78,Shipped
1688,545,2024-06-30,44,26,1,438.17,438.17,Completed
1689,545,2024-06-30,44,62,4,215.7,862.8,Completed
1690,545,2024-06-30,44,57,2,446.72,893.44,Completed
1691,546,2026-04-02,348,92,4,455.46,1821.84,Shipped
1692,546,2026-04-02,348,58,3,425.26,1275.78,Shipped
1693,547,2023-04-13,442,60,1,210.31,210.31,Completed
1694,547,2023-04-13,442,88,1,253.31,253.31,Completed
1695,547,2023-04-13,442,17,1,425.88,425.88,Completed
1696,547,2023-04-13,442,10,4,140.15,560.6,Completed
1697,548,2024-08-17,213,8,1,291.43,291.43,Processing
1698,548,2024-08-17,213,87,4,264.83,1059.32,Processing
1699,548,2024-08-17,213,97,3,77.73,233.19,Processing
1700,548,2024-08-17,213,37,4,167.33,669.32,Processing
1701,548,2024-08-17,213,2,4,119.71,478.84,Processing
1702,549,2025-08-14,151,56,4,295.88,1183.52,Shipped
1703,550,2024-05-10,43,86,4,432.01,1728.04,Completed
1704,550,2024-05-10,43,18,4,250.54,1002.16,Completed
1705,551,2025-07-05,142,33,1,62.63,62.63,Completed
1706,552,2025-01-31,440,47,4,206.98,827.92,Completed
1707,552,2025-01-31,440,26,2,438.17,876.34,Completed
1708,552,2025-01-31,440,32,3,244.11,732.33,Completed
1709,552,2025-01-31,440,69,1,114.37,114.37,Completed
1710,552,2025-01-31,440,39,3,187.34,562.02,Completed
1711,553,2026-02-22,196,93,3,258.69,776.07,Completed
1712,553,2026-02-22,196,81,3,135.75,407.25,Completed
1713,554,2025-01-12,438,65,4,392.05,1568.2,Completed
1714,554,2025-01-12,438,60,4,210.31,841.24,Completed
1715,554,2025-01-12,438,68,4,169.52,678.08,Completed
1716,555,2023-04-24,256,97,4,77.73,310.92,Completed
1717,555,2023-04-24,256,5,2,197.87,395.74,Completed
1718,555,2023-04-24,256,69,2,114.37,228.74,Completed
1719,555,2023-04-24,256,41,2,122.45,244.9,Completed
1720,555,2023-04-24,256,28,2,315.85,631.7,Completed
1721,556,2025-09-26,461,78,2,68.42,136.84,Completed
1722,556,2025-09-26,461,36,4,112.6,450.4,Completed
1723,557,2025-03-12,249,37,2,167.33,334.66,Completed
1724,557,2025-03-12,249,46,1,98.83,98.83,Completed
1725,557,2025-03-12,249,34,2,146.82,293.64,Completed
1726,557,2025-03-12,249,35,2,144.6,289.2,Completed
1727,558,2025-05-17,477,86,2,432.01,864.02,Shipped
1728,558,2025-05-17,477,11,3,128.21,384.63,Shipped
1729,558,2025-05-17,477,93,3,258.69,776.07,Shipped
1730,559,2022-11-04,68,3,1,479.96,479.96,Completed
1731,559,2022-11-04,68,44,2,21.82,43.64,Completed
1732,560,2024-03-21,48,51,4,436.43,1745.72,Processing
1733,560,2024-03-21,48,82,4,43.63,174.52,Processing
1734,560,2024-03-21,48,4,2,194.26,388.52,Processing
1735,560,2024-03-21,48,88,3,253.31,759.93,Processing
1736,561,2024-05-22,58,80,2,38.87,77.74,Processing
1737,561,2024-05-22,58,56,4,295.88,1183.52,Processing
1738,562,2024-10-31,275,60,2,210.31,420.62,Completed
1739,562,2024-10-31,275,16,2,454.47,908.94,Completed
1740,562,2024-10-31,275,81,1,135.75,135.75,Completed
1741,562,2024-10-31,275,49,2,193.89,387.78,Completed
1742,562,2024-10-31,275,22,1,48.79,48.79,Completed
1743,563,2022-06-03,459,24,3,34.73,104.19,Completed
1744,563,2022-06-03,459,51,3,436.43,1309.29,Completed
1745,563,2022-06-03,459,80,2,38.87,77.74,Completed
1746,564,2025-06-03,61,85,1,310.05,310.05,Completed
1747,564,2025-06-03,61,15,4,53.9,215.6,Completed
1748,565,2025-06-05,389,32,4,244.11,976.44,Completed
1749,566,2022-09-15,459,60,1,210.31,210.31,Shipped
1750,566,2022-09-15,459,29,3,305.3,915.9,Shipped
1751,567,2025-10-15,377,65,3,392.05,1176.15,Completed
1752,567,2025-10-15,377,2,2,119.71,239.42,Completed
1753,568,2022-08-25,441,81,1,135.75,135.75,Completed
1754,568,2022-08-25,441,65,1,392.05,392.05,Completed
1755,568,2022-08-25,441,52,3,340.83,1022.49,Completed
1756,568,2022-08-25,441,58,1,425.26,425.26,Completed
1757,569,2025-10-15,195,42,2,81.98,163.96,Completed
1758,569,2025-10-15,195,46,3,98.83,296.49,Completed
1759,569,2025-10-15,195,30,1,242.62,242.62,Completed
1760,569,2025-10-15,195,99,1,273.19,273.19,Completed
1761,570,2026-04-06,92,25,3,366.6,1099.8,Completed
1762,571,2026-02-04,341,81,3,135.75,407.25,Completed
1763,571,2026-02-04,341,51,4,436.43,1745.72,Completed
1764,571,2026-02-04,341,80,2,38.87,77.74,Completed
1765,571,2026-02-04,341,23,4,32.52,130.08,Completed
1766,571,2026-02-04,341,27,2,388.74,777.48,Completed
1767,572,2024-11-11,448,39,2,187.34,374.68,Completed
1768,572,2024-11-11,448,97,3,77.73,233.19,Completed
1769,572,2024-11-11,448,69,2,114.37,228.74,Completed
1770,573,2023-10-22,228,45,4,324.19,1296.76,Completed
1771,573,2023-10-22,228,68,4,169.52,678.08,Completed
1772,573,2023-10-22,228,56,3,295.88,887.64,Completed
1773,573,2023-10-22,228,60,1,210.31,210.31,Completed
1774,573,2023-10-22,228,77,4,82.37,329.48,Completed
1775,574,2021-12-14,190,83,4,284.61,1138.44,Processing
1776,574,2021-12-14,190,66,1,244.34,244.34,Processing
1777,575,2023-02-18,204,90,3,164.21,492.63,Completed
1778,575,2023-02-18,204,6,2,196.57,393.14,Completed
1779,575,2023-02-18,204,95,2,423.64,847.28,Completed
1780,575,2023-02-18,204,29,3,305.3,915.9,Completed
1781,575,2023-02-18,204,16,2,454.47,908.94,Completed
1782,576,2024-11-20,68,55,3,405.59,1216.77,Completed
1783,576,2024-11-20,68,78,1,68.42,68.42,Completed
1784,576,2024-11-20,68,39,3,187.34,562.02,Completed
1785,577,2026-01-17,308,34,1,146.82,146.82,Cancelled
1786,577,2026-01-17,308,2,1,119.71,119.71,Cancelled
1787,577,2026-01-17,308,20,4,302.33,1209.32,Cancelled
1788,578,2026-04-14,354,8,2,291.43,582.86,Completed
1789,578,2026-04-14,354,31,4,314.73,1258.92,Completed
1790,578,2026-04-14,354,81,1,135.75,135.75,Completed
1791,579,2024-12-23,162,36,1,112.6,112.6,Cancelled
1792,579,2024-12-23,162,41,4,122.45,489.8,Cancelled
1793,579,2024-12-23,162,33,2,62.63,125.26,Cancelled
1794,579,2024-12-23,162,89,3,249.17,747.51,Cancelled
1795,579,2024-12-23,162,1,1,341.27,341.27,Cancelled
1796,580,2025-09-08,314,95,4,423.64,1694.56,Completed
1797,580,2025-09-08,314,67,4,276.75,1107.0,Completed
1798,580,2025-09-08,314,17,4,425.88,1703.52,Completed
1799,580,2025-09-08,314,31,1,314.73,314.73,Completed
1800,580,2025-09-08,314,5,2,197.87,395.74,Completed
1801,581,2025-10-28,62,13,1,424.42,424.42,Processing
1802,581,2025-10-28,62,75,2,120.94,241.88,Processing
1803,581,2025-10-28,62,54,2,341.99,683.98,Processing
1804,582,2025-03-15,151,41,4,122.45,489.8,Shipped
1805,582,2025-03-15,151,64,1,79.12,79.12,Shipped
1806,582,2025-03-15,151,60,1,210.31,210.31,Shipped
1807,582,2025-03-15,151,20,3,302.33,906.99,Shipped
1808,583,2024-11-08,474,49,3,193.89,581.67,Completed
1809,583,2024-11-08,474,15,4,53.9,215.6,Completed
1810,583,2024-11-08,474,40,1,465.16,465.16,Completed
1811,584,2021-11-07,182,57,1,446.72,446.72,Processing
1812,585,2025-11-07,392,32,1,244.11,244.11,Completed
1813,585,2025-11-07,392,80,4,38.87,155.48,Completed
1814,586,2021-11-08,44,8,2,291.43,582.86,Shipped
1815,586,2021-11-08,44,20,1,302.33,302.33,Shipped
1816,586,2021-11-08,44,73,1,474.1,474.1,Shipped
1817,587,2026-01-28,74,37,3,167.33,501.99,Completed
1818,587,2026-01-28,74,28,3,315.85,947.55,Completed
1819,588,2024-02-04,428,1,3,341.27,1023.81,Completed
1820,589,2025-01-24,16,67,4,276.75,1107.0,Completed
1821,589,2025-01-24,16,70,4,439.46,1757.84,Completed
1822,590,2024-05-17,145,75,4,120.94,483.76,Completed
1823,591,2022-04-18,249,99,1,273.19,273.19,Shipped
1824,592,2024-06-22,257,80,4,38.87,155.48,Shipped
1825,592,2024-06-22,257,92,1,455.46,455.46,Shipped
1826,592,2024-06-22,257,32,1,244.11,244.11,Shipped
1827,592,2024-06-22,257,22,2,48.79,97.58,Shipped
1828,593,2026-01-25,488,80,4,38.87,155.48,Shipped
1829,594,2021-12-14,106,74,3,179.75,539.25,Completed
1830,594,2021-12-14,106,92,1,455.46,455.46,Completed
1831,594,2021-12-14,106,42,3,81.98,245.94,Completed
1832,594,2021-12-14,106,46,4,98.83,395.32,Completed
1833,594,2021-12-14,106,22,3,48.79,146.37,Completed
1834,595,2025-11-26,377,54,4,341.99,1367.96,Shipped
1835,595,2025-11-26,377,30,3,242.62,727.86,Shipped
1836,595,2025-11-26,377,48,1,415.18,415.18,Shipped
1837,596,2024-12-06,140,59,4,453.63,1814.52,Completed
1838,597,2025-11-15,241,40,2,465.16,930.32,Shipped
1839,597,2025-11-15,241,63,4,163.78,655.12,Shipped
1840,597,2025-11-15,241,31,1,314.73,314.73,Shipped
1841,598,2025-03-04,112,93,3,258.69,776.07,Cancelled
1842,598,2025-03-04,112,56,1,295.88,295.88,Cancelled
1843,598,2025-03-04,112,27,4,388.74,1554.96,Cancelled
1844,598,2025-03-04,112,70,1,439.46,439.46,Cancelled
1845,598,2025-03-04,112,42,3,81.98,245.94,Cancelled
1846,599,2024-09-02,44,78,2,68.42,136.84,Completed
1847,599,2024-09-02,44,74,2,179.75,359.5,Completed
1848,599,2024-09-02,44,68,4,169.52,678.08,Completed
1849,600,2024-12-08,233,93,2,258.69,517.38,Completed
1850,600,2024-12-08,233,99,4,273.19,1092.76,Completed
1851,600,2024-12-08,233,67,3,276.75,830.25,Completed
1852,600,2024-12-08,233,100,4,380.07,1520.28,Completed
1853,600,2024-12-08,233,23,4,32.52,130.08,Completed
1854,601,2025-03-22,360,3,2,479.96,959.92,Completed
1855,601,2025-03-22,360,50,2,243.34,486.68,Completed
1856,601,2025-03-22,360,97,1,77.73,77.73,Completed
1857,602,2025-08-01,131,41,4,122.45,489.8,Completed
1858,602,2025-08-01,131,62,3,215.7,647.1,Completed
1859,602,2025-08-01,131,1,1,341.27,341.27,Completed
1860,602,2025-08-01,131,29,1,305.3,305.3,Completed
1861,603,2022-04-21,412,40,2,465.16,930.32,Completed
1862,603,2022-04-21,412,20,2,302.33,604.66,Completed
1863,603,2022-04-21,412,39,4,187.34,749.36,Completed
1864,604,2026-03-09,175,11,1,128.21,128.21,Completed
1865,604,2026-03-09,175,51,1,436.43,436.43,Completed
1866,605,2023-03-03,99,78,4,68.42,273.68,Shipped
1867,606,2025-06-16,286,32,3,244.11,732.33,Completed
1868,606,2025-06-16,286,96,3,349.93,1049.79,Completed
1869,606,2025-06-16,286,97,4,77.73,310.92,Completed
1870,606,2025-06-16,286,46,4,98.83,395.32,Completed
1871,607,2025-09-17,277,62,1,215.7,215.7,Shipped
1872,608,2026-03-01,386,29,3,305.3,915.9,Completed
1873,609,2025-11-12,470,16,4,454.47,1817.88,Cancelled
1874,609,2025-11-12,470,9,1,58.75,58.75,Cancelled
1875,609,2025-11-12,470,33,3,62.63,187.89,Cancelled
1876,610,2025-11-20,491,51,3,436.43,1309.29,Completed
1877,610,2025-11-20,491,98,4,223.42,893.68,Completed
1878,611,2026-02-20,70,22,3,48.79,146.37,Cancelled
1879,611,2026-02-20,70,28,3,315.85,947.55,Cancelled
1880,611,2026-02-20,70,63,3,163.78,491.34,Cancelled
1881,611,2026-02-20,70,47,1,206.98,206.98,Cancelled
1882,611,2026-02-20,70,56,1,295.88,295.88,Cancelled
1883,612,2025-07-21,369,62,4,215.7,862.8,Completed
1884,612,2025-07-21,369,58,3,425.26,1275.78,Completed
1885,612,2025-07-21,369,73,4,474.1,1896.4,Completed
1886,612,2025-07-21,369,26,2,438.17,876.34,Completed
1887,613,2023-06-22,397,18,2,250.54,501.08,Cancelled
1888,613,2023-06-22,397,98,1,223.42,223.42,Cancelled
1889,614,2024-10-30,2,19,3,402.89,1208.67,Completed
1890,614,2024-10-30,2,12,3,477.56,1432.68,Completed
1891,615,2025-04-11,222,9,2,58.75,117.5,Completed
1892,615,2025-04-11,222,12,4,477.56,1910.24,Completed
1893,615,2025-04-11,222,2,2,119.71,239.42,Completed
1894,615,2025-04-11,222,34,2,146.82,293.64,Completed
1895,616,2026-02-06,439,31,2,314.73,629.46,Completed
1896,617,2023-10-14,361,62,3,215.7,647.1,Shipped
1897,617,2023-10-14,361,5,1,197.87,197.87,Shipped
1898,617,2023-10-14,361,37,1,167.33,167.33,Shipped
1899,617,2023-10-14,361,86,4,432.01,1728.04,Shipped
1900,618,2025-11-05,53,50,1,243.34,243.34,Completed
1901,618,2025-11-05,53,35,3,144.6,433.8,Completed
1902,618,2025-11-05,53,14,2,343.34,686.68,Completed
1903,619,2026-04-05,251,50,1,243.34,243.34,Completed
1904,620,2023-05-05,413,12,3,477.56,1432.68,Completed
1905,620,2023-05-05,413,19,2,402.89,805.78,Completed
1906,620,2023-05-05,413,60,2,210.31,420.62,Completed
1907,621,2025-09-18,16,5,3,197.87,593.61,Completed
1908,621,2025-09-18,16,50,4,243.34,973.36,Completed
1909,621,2025-09-18,16,24,1,34.73,34.73,Completed
1910,621,2025-09-18,16,59,1,453.63,453.63,Completed
1911,621,2025-09-18,16,68,4,169.52,678.08,Completed
1912,622,2024-12-20,144,37,3,167.33,501.99,Shipped
1913,622,2024-12-20,144,7,2,480.03,960.06,Shipped
1914,622,2024-12-20,144,45,1,324.19,324.19,Shipped
1915,622,2024-12-20,144,100,2,380.07,760.14,Shipped
1916,623,2026-04-12,255,84,4,153.73,614.92,Completed
1917,623,2026-04-12,255,6,4,196.57,786.28,Completed
1918,623,2026-04-12,255,99,3,273.19,819.57,Completed
1919,623,2026-04-12,255,46,2,98.83,197.66,Completed
1920,623,2026-04-12,255,100,4,380.07,1520.28,Completed
1921,624,2026-03-21,45,95,2,423.64,847.28,Completed
1922,624,2026-03-21,45,11,3,128.21,384.63,Completed
1923,624,2026-03-21,45,40,1,465.16,465.16,Completed
1924,624,2026-03-21,45,63,3,163.78,491.34,Completed
1925,624,2026-03-21,45,43,4,446.64,1786.56,Completed
1926,625,2025-08-22,95,54,1,341.99,341.99,Shipped
1927,626,2023-05-18,24,27,1,388.74,388.74,Completed
1928,626,2023-05-18,24,8,3,291.43,874.29,Completed
1929,626,2023-05-18,24,4,1,194.26,194.26,Completed
1930,626,2023-05-18,24,80,4,38.87,155.48,Completed
1931,627,2024-12-31,79,16,1,454.47,454.47,Completed
1932,627,2024-12-31,79,92,2,455.46,910.92,Completed
1933,627,2024-12-31,79,49,1,193.89,193.89,Completed
1934,628,2025-09-23,32,25,4,366.6,1466.4,Completed
1935,629,2025-10-22,314,29,4,305.3,1221.2,Completed
1936,629,2025-10-22,314,67,4,276.75,1107.0,Completed
1937,629,2025-10-22,314,31,2,314.73,629.46,Completed
1938,629,2025-10-22,314,48,2,415.18,830.36,Completed
1939,629,2025-10-22,314,83,4,284.61,1138.44,Completed
1940,630,2025-02-18,28,74,3,179.75,539.25,Completed
1941,630,2025-02-18,28,57,4,446.72,1786.88,Completed
1942,630,2025-02-18,28,45,2,324.19,648.38,Completed
1943,631,2024-10-01,476,59,3,453.63,1360.89,Completed
1944,631,2024-10-01,476,53,2,298.35,596.7,Completed
1945,631,2024-10-01,476,50,3,243.34,730.02,Completed
1946,631,2024-10-01,476,63,1,163.78,163.78,Completed
1947,631,2024-10-01,476,57,4,446.72,1786.88,Completed
1948,632,2025-01-13,100,46,4,98.83,395.32,Completed
1949,633,2026-01-17,163,84,2,153.73,307.46,Processing
1950,633,2026-01-17,163,75,4,120.94,483.76,Processing
1951,634,2025-09-12,276,83,2,284.61,569.22,Completed
1952,634,2025-09-12,276,8,1,291.43,291.43,Completed
1953,634,2025-09-12,276,7,1,480.03,480.03,Completed
1954,635,2021-09-18,4,47,1,206.98,206.98,Completed
1955,635,2021-09-18,4,79,1,265.84,265.84,Completed
1956,636,2025-09-01,217,37,4,167.33,669.32,Completed
1957,636,2025-09-01,217,82,2,43.63,87.26,Completed
1958,636,2025-09-01,217,38,3,49.02,147.06,Completed
1959,637,2025-01-17,81,93,2,258.69,517.38,Completed
1960,637,2025-01-17,81,61,3,214.17,642.51,Completed
1961,637,2025-01-17,81,50,2,243.34,486.68,Completed
1962,637,2025-01-17,81,72,2,310.88,621.76,Completed
1963,638,2024-12-25,92,91,4,227.19,908.76,Completed
1964,638,2024-12-25,92,70,1,439.46,439.46,Completed
1965,639,2025-01-27,476,12,1,477.56,477.56,Shipped
1966,639,2025-01-27,476,3,4,479.96,1919.84,Shipped
1967,639,2025-01-27,476,60,1,210.31,210.31,Shipped
1968,639,2025-01-27,476,22,2,48.79,97.58,Shipped
1969,639,2025-01-27,476,90,3,164.21,492.63,Shipped
1970,640,2021-08-04,2,60,1,210.31,210.31,Completed
1971,640,2021-08-04,2,13,4,424.42,1697.68,Completed
1972,640,2021-08-04,2,54,4,341.99,1367.96,Completed
1973,640,2021-08-04,2,38,3,49.02,147.06,Completed
1974,641,2026-03-18,97,75,1,120.94,120.94,Completed
1975,641,2026-03-18,97,100,1,380.07,380.07,Completed
1976,642,2025-04-07,487,2,4,119.71,478.84,Completed
1977,642,2025-04-07,487,37,4,167.33,669.32,Completed
1978,642,2025-04-07,487,15,2,53.9,107.8,Completed
1979,642,2025-04-07,487,72,4,310.88,1243.52,Completed
1980,642,2025-04-07,487,70,2,439.46,878.92,Completed
1981,643,2026-04-06,225,92,4,455.46,1821.84,Shipped
1982,643,2026-04-06,225,23,3,32.52,97.56,Shipped
1983,643,2026-04-06,225,44,4,21.82,87.28,Shipped
1984,644,2025-02-01,482,24,3,34.73,104.19,Completed
1985,645,2026-04-16,351,2,4,119.71,478.84,Completed
1986,645,2026-04-16,351,75,3,120.94,362.82,Completed
1987,645,2026-04-16,351,97,3,77.73,233.19,Completed
1988,646,2023-03-15,262,52,3,340.83,1022.49,Completed
1989,646,2023-03-15,262,8,4,291.43,1165.72,Completed
1990,647,2026-01-24,448,43,3,446.64,1339.92,Shipped
1991,647,2026-01-24,448,31,3,314.73,944.19,Shipped
1992,647,2026-01-24,448,65,2,392.05,784.1,Shipped
1993,647,2026-01-24,448,74,3,179.75,539.25,Shipped
1994,648,2022-02-22,206,1,3,341.27,1023.81,Completed
1995,649,2023-02-22,148,30,4,242.62,970.48,Completed
1996,649,2023-02-22,148,62,2,215.7,431.4,Completed
1997,650,2022-08-01,413,90,2,164.21,328.42,Completed
1998,650,2022-08-01,413,43,1,446.64,446.64,Completed
1999,650,2022-08-01,413,73,4,474.1,1896.4,Completed
2000,650,2022-08-01,413,48,3,415.18,1245.54,Completed
2001,650,2022-08-01,413,97,3,77.73,233.19,Completed
2002,651,2026-01-21,386,76,4,334.46,1337.84,Completed
2003,651,2026-01-21,386,63,1,163.78,163.78,Completed
2004,651,2026-01-21,386,87,3,264.83,794.49,Completed
2005,652,2026-03-26,94,100,3,380.07,1140.21,Shipped
2006,652,2026-03-26,94,79,4,265.84,1063.36,Shipped
2007,652,2026-03-26,94,94,3,60.39,181.17,Shipped
2008,652,2026-03-26,94,98,3,223.42,670.26,Shipped
2009,652,2026-03-26,94,75,2,120.94,241.88,Shipped
2010,653,2025-07-04,404,98,2,223.42,446.84,Completed
2011,653,2025-07-04,404,58,3,425.26,1275.78,Completed
2012,654,2025-03-22,147,98,3,223.42,670.26,Completed
2013,654,2025-03-22,147,2,2,119.71,239.42,Completed
2014,655,2026-03-24,277,10,4,140.15,560.6,Completed
2015,656,2023-08-08,136,39,1,187.34,187.34,Completed
2016,656,2023-08-08,136,58,1,425.26,425.26,Completed
2017,656,2023-08-08,136,7,4,480.03,1920.12,Completed
2018,656,2023-08-08,136,27,3,388.74,1166.22,Completed
2019,656,2023-08-08,136,16,2,454.47,908.94,Completed
2020,657,2024-06-18,382,78,2,68.42,136.84,Completed
2021,658,2026-02-16,125,22,3,48.79,146.37,Shipped
2022,658,2026-02-16,125,72,3,310.88,932.64,Shipped
2023,659,2025-05-14,385,68,1,169.52,169.52,Processing
2024,659,2025-05-14,385,71,1,250.35,250.35,Processing
2025,659,2025-05-14,385,53,4,298.35,1193.4,Processing
2026,659,2025-05-14,385,11,4,128.21,512.84,Processing
2027,659,2025-05-14,385,100,4,380.07,1520.28,Processing
2028,660,2025-05-25,359,95,3,423.64,1270.92,Shipped
2029,661,2025-05-15,187,16,3,454.47,1363.41,Cancelled
2030,661,2025-05-15,187,5,3,197.87,593.61,Cancelled
2031,661,2025-05-15,187,53,4,298.35,1193.4,Cancelled
2032,661,2025-05-15,187,4,3,194.26,582.78,Cancelled
2033,662,2025-10-03,441,18,3,250.54,751.62,Completed
2034,662,2025-10-03,441,45,3,324.19,972.57,Completed
2035,663,2024-11-03,219,17,3,425.88,1277.64,Completed
2036,663,2024-11-03,219,49,2,193.89,387.78,Completed
2037,663,2024-11-03,219,56,4,295.88,1183.52,Completed
2038,663,2024-11-03,219,25,2,366.6,733.2,Completed
2039,664,2026-04-15,225,86,2,432.01,864.02,Completed
2040,664,2026-04-15,225,99,4,273.19,1092.76,Completed
2041,665,2023-12-25,221,51,1,436.43,436.43,Completed
2042,665,2023-12-25,221,39,4,187.34,749.36,Completed
2043,665,2023-12-25,221,9,4,58.75,235.0,Completed
2044,665,2023-12-25,221,97,3,77.73,233.19,Completed
2045,666,2025-04-03,335,16,1,454.47,454.47,Completed
2046,667,2025-06-04,163,47,4,206.98,827.92,Completed
2047,667,2025-06-04,163,70,2,439.46,878.92,Completed
2048,667,2025-06-04,163,77,4,82.37,329.48,Completed
2049,668,2026-04-16,455,28,4,315.85,1263.4,Shipped
2050,668,2026-04-16,455,81,2,135.75,271.5,Shipped
2051,668,2026-04-16,455,55,1,405.59,405.59,Shipped
2052,668,2026-04-16,455,49,3,193.89,581.67,Shipped
2053,669,2025-12-06,463,19,4,402.89,1611.56,Completed
2054,670,2025-12-06,260,5,1,197.87,197.87,Cancelled
2055,670,2025-12-06,260,10,1,140.15,140.15,Cancelled
2056,670,2025-12-06,260,58,2,425.26,850.52,Cancelled
2057,670,2025-12-06,260,96,4,349.93,1399.72,Cancelled
2058,671,2023-06-14,150,24,4,34.73,138.92,Completed
2059,671,2023-06-14,150,27,2,388.74,777.48,Completed
2060,671,2023-06-14,150,7,1,480.03,480.03,Completed
2061,671,2023-06-14,150,23,2,32.52,65.04,Completed
2062,671,2023-06-14,150,66,2,244.34,488.68,Completed
2063,672,2026-03-03,329,57,4,446.72,1786.88,Shipped
2064,672,2026-03-03,329,94,3,60.39,181.17,Shipped
2065,673,2026-03-31,129,43,3,446.64,1339.92,Completed
2066,673,2026-03-31,129,4,3,194.26,582.78,Completed
2067,673,2026-03-31,129,59,1,453.63,453.63,Completed
2068,673,2026-03-31,129,48,3,415.18,1245.54,Completed
2069,674,2025-10-06,450,91,2,227.19,454.38,Completed
2070,674,2025-10-06,450,22,4,48.79,195.16,Completed
2071,675,2022-06-01,296,51,4,436.43,1745.72,Shipped
2072,675,2022-06-01,296,4,2,194.26,388.52,Shipped
2073,675,2022-06-01,296,44,4,21.82,87.28,Shipped
2074,676,2023-08-29,208,43,1,446.64,446.64,Completed
2075,676,2023-08-29,208,8,2,291.43,582.86,Completed
2076,676,2023-08-29,208,41,3,122.45,367.35,Completed
2077,676,2023-08-29,208,28,3,315.85,947.55,Completed
2078,677,2023-04-03,361,17,3,425.88,1277.64,Completed
2079,677,2023-04-03,361,81,3,135.75,407.25,Completed
2080,678,2024-06-28,483,9,4,58.75,235.0,Shipped
2081,678,2024-06-28,483,52,4,340.83,1363.32,Shipped
2082,678,2024-06-28,483,18,3,250.54,751.62,Shipped
2083,678,2024-06-28,483,39,2,187.34,374.68,Shipped
2084,679,2025-08-30,252,78,4,68.42,273.68,Shipped
2085,679,2025-08-30,252,71,1,250.35,250.35,Shipped
2086,679,2025-08-30,252,97,2,77.73,155.46,Shipped
2087,679,2025-08-30,252,82,1,43.63,43.63,Shipped
2088,679,2025-08-30,252,93,4,258.69,1034.76,Shipped
2089,680,2023-04-16,27,66,3,244.34,733.02,Shipped
2090,680,2023-04-16,27,47,2,206.98,413.96,Shipped
2091,680,2023-04-16,27,22,1,48.79,48.79,Shipped
2092,680,2023-04-16,27,64,2,79.12,158.24,Shipped
2093,680,2023-04-16,27,69,2,114.37,228.74,Shipped
2094,681,2023-09-17,304,65,4,392.05,1568.2,Completed
2095,681,2023-09-17,304,53,2,298.35,596.7,Completed
2096,681,2023-09-17,304,88,3,253.31,759.93,Completed
2097,681,2023-09-17,304,58,4,425.26,1701.04,Completed
2098,681,2023-09-17,304,79,1,265.84,265.84,Completed
2099,682,2025-09-11,417,75,3,120.94,362.82,Completed
2100,682,2025-09-11,417,80,2,38.87,77.74,Completed
2101,682,2025-09-11,417,95,3,423.64,1270.92,Completed
2102,682,2025-09-11,417,7,1,480.03,480.03,Completed
2103,683,2026-01-28,18,78,1,68.42,68.42,Completed
2104,683,2026-01-28,18,10,3,140.15,420.45,Completed
2105,684,2025-12-25,211,19,3,402.89,1208.67,Processing
2106,684,2025-12-25,211,3,3,479.96,1439.88,Processing
2107,685,2025-06-01,305,2,4,119.71,478.84,Completed
2108,685,2025-06-01,305,47,1,206.98,206.98,Completed
2109,685,2025-06-01,305,81,3,135.75,407.25,Completed
2110,685,2025-06-01,305,10,2,140.15,280.3,Completed
2111,685,2025-06-01,305,20,1,302.33,302.33,Completed
2112,686,2026-02-18,171,22,1,48.79,48.79,Shipped
2113,686,2026-02-18,171,43,4,446.64,1786.56,Shipped
2114,686,2026-02-18,171,32,3,244.11,732.33,Shipped
2115,686,2026-02-18,171,45,2,324.19,648.38,Shipped
2116,687,2025-11-07,337,86,4,432.01,1728.04,Processing
2117,687,2025-11-07,337,91,3,227.19,681.57,Processing
2118,688,2025-03-24,148,53,4,298.35,1193.4,Shipped
2119,688,2025-03-24,148,64,3,79.12,237.36,Shipped
2120,689,2025-04-11,29,85,4,310.05,1240.2,Completed
2121,689,2025-04-11,29,53,2,298.35,596.7,Completed
2122,689,2025-04-11,29,87,1,264.83,264.83,Completed
2123,690,2023-11-15,462,79,2,265.84,531.68,Completed
2124,690,2023-11-15,462,23,2,32.52,65.04,Completed
2125,690,2023-11-15,462,38,3,49.02,147.06,Completed
2126,691,2025-09-18,406,92,3,455.46,1366.38,Completed
2127,691,2025-09-18,406,60,3,210.31,630.93,Completed
2128,691,2025-09-18,406,9,1,58.75,58.75,Completed
2129,691,2025-09-18,406,23,1,32.52,32.52,Completed
2130,691,2025-09-18,406,39,4,187.34,749.36,Completed
2131,692,2024-01-20,449,30,1,242.62,242.62,Completed
2132,692,2024-01-20,449,31,4,314.73,1258.92,Completed
2133,692,2024-01-20,449,26,1,438.17,438.17,Completed
2134,693,2024-11-24,322,90,3,164.21,492.63,Completed
2135,693,2024-11-24,322,31,2,314.73,629.46,Completed
2136,693,2024-11-24,322,32,3,244.11,732.33,Completed
2137,694,2025-07-14,146,6,3,196.57,589.71,Shipped
2138,695,2024-04-01,133,81,3,135.75,407.25,Completed
2139,696,2025-07-23,130,49,3,193.89,581.67,Completed
2140,696,2025-07-23,130,46,2,98.83,197.66,Completed
2141,696,2025-07-23,130,16,4,454.47,1817.88,Completed
2142,696,2025-07-23,130,22,4,48.79,195.16,Completed
2143,697,2026-02-23,292,80,4,38.87,155.48,Completed
2144,697,2026-02-23,292,13,3,424.42,1273.26,Completed
2145,697,2026-02-23,292,87,4,264.83,1059.32,Completed
2146,697,2026-02-23,292,94,1,60.39,60.39,Completed
2147,697,2026-02-23,292,55,1,405.59,405.59,Completed
2148,698,2025-09-26,499,88,3,253.31,759.93,Completed
2149,698,2025-09-26,499,72,2,310.88,621.76,Completed
2150,698,2025-09-26,499,18,3,250.54,751.62,Completed
2151,699,2022-10-23,350,79,3,265.84,797.52,Completed
2152,699,2022-10-23,350,17,4,425.88,1703.52,Completed
2153,700,2025-11-24,84,72,3,310.88,932.64,Completed
2154,700,2025-11-24,84,70,2,439.46,878.92,Completed
2155,700,2025-11-24,84,3,1,479.96,479.96,Completed
2156,700,2025-11-24,84,53,4,298.35,1193.4,Completed
2157,700,2025-11-24,84,92,4,455.46,1821.84,Completed
2158,701,2024-03-24,367,10,4,140.15,560.6,Shipped
2159,701,2024-03-24,367,15,4,53.9,215.6,Shipped
2160,701,2024-03-24,367,47,3,206.98,620.94,Shipped
2161,702,2026-04-12,76,45,2,324.19,648.38,Processing
2162,702,2026-04-12,76,69,4,114.37,457.48,Processing
2163,702,2026-04-12,76,55,1,405.59,405.59,Processing
2164,702,2026-04-12,76,100,3,380.07,1140.21,Processing
2165,702,2026-04-12,76,39,1,187.34,187.34,Processing
2166,703,2023-12-23,310,53,3,298.35,895.05,Completed
2167,703,2023-12-23,310,11,2,128.21,256.42,Completed
2168,703,2023-12-23,310,29,3,305.3,915.9,Completed
2169,703,2023-12-23,310,72,3,310.88,932.64,Completed
2170,704,2024-05-01,285,2,3,119.71,359.13,Shipped
2171,705,2025-08-28,337,38,3,49.02,147.06,Completed
2172,705,2025-08-28,337,26,3,438.17,1314.51,Completed
2173,705,2025-08-28,337,58,2,425.26,850.52,Completed
2174,705,2025-08-28,337,100,4,380.07,1520.28,Completed
2175,706,2021-11-03,83,4,2,194.26,388.52,Completed
2176,706,2021-11-03,83,93,2,258.69,517.38,Completed
2177,706,2021-11-03,83,6,4,196.57,786.28,Completed
2178,706,2021-11-03,83,92,1,455.46,455.46,Completed
2179,706,2021-11-03,83,89,2,249.17,498.34,Completed
2180,707,2024-05-14,141,89,2,249.17,498.34,Completed
2181,707,2024-05-14,141,99,2,273.19,546.38,Completed
2182,708,2025-10-16,274,23,3,32.52,97.56,Completed
2183,709,2025-10-29,417,5,2,197.87,395.74,Completed
2184,710,2025-04-20,143,17,2,425.88,851.76,Completed
2185,710,2025-04-20,143,86,4,432.01,1728.04,Completed
2186,710,2025-04-20,143,27,1,388.74,388.74,Completed
2187,710,2025-04-20,143,99,2,273.19,546.38,Completed
2188,710,2025-04-20,143,64,3,79.12,237.36,Completed
2189,711,2025-01-29,331,68,1,169.52,169.52,Completed
2190,711,2025-01-29,331,32,1,244.11,244.11,Completed
2191,711,2025-01-29,331,11,4,128.21,512.84,Completed
2192,711,2025-01-29,331,34,3,146.82,440.46,Completed
2193,711,2025-01-29,331,63,3,163.78,491.34,Completed
2194,712,2024-11-10,25,79,1,265.84,265.84,Processing
2195,712,2024-11-10,25,77,4,82.37,329.48,Processing
2196,712,2024-11-10,25,90,4,164.21,656.84,Processing
2197,712,2024-11-10,25,88,2,253.31,506.62,Processing
2198,713,2026-03-18,110,85,4,310.05,1240.2,Completed
2199,714,2026-01-09,102,27,4,388.74,1554.96,Completed
2200,714,2026-01-09,102,64,3,79.12,237.36,Completed
2201,714,2026-01-09,102,45,3,324.19,972.57,Completed
2202,715,2026-03-18,130,71,3,250.35,751.05,Completed
2203,715,2026-03-18,130,30,4,242.62,970.48,Completed
2204,715,2026-03-18,130,6,1,196.57,196.57,Completed
2205,715,2026-03-18,130,20,4,302.33,1209.32,Completed
2206,716,2023-06-23,317,94,2,60.39,120.78,Cancelled
2207,716,2023-06-23,317,5,1,197.87,197.87,Cancelled
2208,716,2023-06-23,317,32,3,244.11,732.33,Cancelled
2209,717,2024-12-16,213,63,3,163.78,491.34,Completed
2210,718,2023-09-28,379,47,4,206.98,827.92,Shipped
2211,718,2023-09-28,379,84,4,153.73,614.92,Shipped
2212,718,2023-09-28,379,67,1,276.75,276.75,Shipped
2213,718,2023-09-28,379,83,2,284.61,569.22,Shipped
2214,719,2026-02-08,498,5,3,197.87,593.61,Completed
2215,719,2026-02-08,498,74,4,179.75,719.0,Completed
2216,719,2026-02-08,498,82,4,43.63,174.52,Completed
2217,719,2026-02-08,498,47,2,206.98,413.96,Completed
2218,720,2026-01-30,287,1,2,341.27,682.54,Completed
2219,721,2025-09-22,140,98,3,223.42,670.26,Completed
2220,721,2025-09-22,140,41,3,122.45,367.35,Completed
2221,721,2025-09-22,140,74,4,179.75,719.0,Completed
2222,722,2025-04-14,14,70,1,439.46,439.46,Cancelled
2223,722,2025-04-14,14,15,3,53.9,161.7,Cancelled
2224,722,2025-04-14,14,32,3,244.11,732.33,Cancelled
2225,722,2025-04-14,14,99,2,273.19,546.38,Cancelled
2226,723,2021-09-24,8,81,4,135.75,543.0,Cancelled
2227,723,2021-09-24,8,74,4,179.75,719.0,Cancelled
2228,723,2021-09-24,8,56,3,295.88,887.64,Cancelled
2229,723,2021-09-24,8,29,3,305.3,915.9,Cancelled
2230,724,2026-01-27,56,70,1,439.46,439.46,Completed
2231,725,2023-10-20,168,95,1,423.64,423.64,Completed
2232,726,2025-08-15,222,30,4,242.62,970.48,Completed
2233,726,2025-08-15,222,9,2,58.75,117.5,Completed
2234,726,2025-08-15,222,45,2,324.19,648.38,Completed
2235,727,2024-06-20,67,43,2,446.64,893.28,Completed
2236,728,2025-07-12,437,7,4,480.03,1920.12,Completed
2237,728,2025-07-12,437,90,1,164.21,164.21,Completed
2238,728,2025-07-12,437,9,1,58.75,58.75,Completed
2239,728,2025-07-12,437,15,1,53.9,53.9,Completed
2240,729,2026-01-16,146,26,2,438.17,876.34,Cancelled
2241,729,2026-01-16,146,63,4,163.78,655.12,Cancelled
2242,729,2026-01-16,146,68,2,169.52,339.04,Cancelled
2243,730,2025-10-02,277,72,1,310.88,310.88,Completed
2244,730,2025-10-02,277,39,4,187.34,749.36,Completed
2245,730,2025-10-02,277,6,4,196.57,786.28,Completed
2246,730,2025-10-02,277,65,4,392.05,1568.2,Completed
2247,730,2025-10-02,277,76,2,334.46,668.92,Completed
2248,731,2025-09-23,78,19,4,402.89,1611.56,Completed
2249,731,2025-09-23,78,11,3,128.21,384.63,Completed
2250,731,2025-09-23,78,85,4,310.05,1240.2,Completed
2251,732,2024-09-18,222,81,2,135.75,271.5,Completed
2252,732,2024-09-18,222,53,3,298.35,895.05,Completed
2253,732,2024-09-18,222,44,1,21.82,21.82,Completed
2254,733,2023-11-24,85,25,2,366.6,733.2,Completed
2255,733,2023-11-24,85,76,1,334.46,334.46,Completed
2256,733,2023-11-24,85,81,4,135.75,543.0,Completed
2257,734,2025-10-11,81,56,3,295.88,887.64,Completed
2258,735,2024-11-14,390,59,3,453.63,1360.89,Completed
2259,735,2024-11-14,390,2,2,119.71,239.42,Completed
2260,736,2024-11-11,218,53,1,298.35,298.35,Completed
2261,736,2024-11-11,218,10,1,140.15,140.15,Completed
2262,736,2024-11-11,218,18,1,250.54,250.54,Completed
2263,736,2024-11-11,218,2,3,119.71,359.13,Completed
2264,737,2023-08-23,330,5,2,197.87,395.74,Completed
2265,737,2023-08-23,330,95,1,423.64,423.64,Completed
2266,738,2024-09-10,91,20,3,302.33,906.99,Completed
2267,738,2024-09-10,91,52,1,340.83,340.83,Completed
2268,738,2024-09-10,91,51,2,436.43,872.86,Completed
2269,738,2024-09-10,91,11,4,128.21,512.84,Completed
2270,738,2024-09-10,91,93,1,258.69,258.69,Completed
2271,739,2024-10-12,314,52,3,340.83,1022.49,Completed
2272,739,2024-10-12,314,72,2,310.88,621.76,Completed
2273,740,2024-12-24,265,74,1,179.75,179.75,Processing
2274,740,2024-12-24,265,21,1,287.87,287.87,Processing
2275,740,2024-12-24,265,34,2,146.82,293.64,Processing
2276,741,2025-05-05,1,47,1,206.98,206.98,Completed
2277,742,2026-03-12,354,14,1,343.34,343.34,Completed
2278,742,2026-03-12,354,3,2,479.96,959.92,Completed
2279,742,2026-03-12,354,53,4,298.35,1193.4,Completed
2280,742,2026-03-12,354,84,3,153.73,461.19,Completed
2281,742,2026-03-12,354,70,2,439.46,878.92,Completed
2282,743,2025-06-18,223,33,2,62.63,125.26,Completed
2283,743,2025-06-18,223,12,4,477.56,1910.24,Completed
2284,743,2025-06-18,223,77,3,82.37,247.11,Completed
2285,743,2025-06-18,223,64,1,79.12,79.12,Completed
2286,744,2026-03-08,294,49,1,193.89,193.89,Processing
2287,744,2026-03-08,294,22,4,48.79,195.16,Processing
2288,745,2023-04-03,27,99,1,273.19,273.19,Completed
2289,745,2023-04-03,27,31,2,314.73,629.46,Completed
2290,746,2025-04-17,101,13,1,424.42,424.42,Processing
2291,746,2025-04-17,101,55,3,405.59,1216.77,Processing
2292,747,2025-12-17,6,53,4,298.35,1193.4,Completed
2293,747,2025-12-17,6,10,2,140.15,280.3,Completed
2294,748,2026-02-02,402,59,3,453.63,1360.89,Completed
2295,748,2026-02-02,402,12,4,477.56,1910.24,Completed
2296,749,2026-02-18,459,71,4,250.35,1001.4,Completed
2297,749,2026-02-18,459,87,2,264.83,529.66,Completed
2298,749,2026-02-18,459,18,3,250.54,751.62,Completed
2299,749,2026-02-18,459,55,4,405.59,1622.36,Completed
2300,749,2026-02-18,459,58,4,425.26,1701.04,Completed
2301,750,2024-09-14,222,4,1,194.26,194.26,Completed
2302,750,2024-09-14,222,35,4,144.6,578.4,Completed
2303,750,2024-09-14,222,19,2,402.89,805.78,Completed
2304,750,2024-09-14,222,80,3,38.87,116.61,Completed
2305,751,2025-02-19,483,5,1,197.87,197.87,Completed
2306,751,2025-02-19,483,3,1,479.96,479.96,Completed
2307,751,2025-02-19,483,82,1,43.63,43.63,Completed
2308,752,2022-04-06,68,36,4,112.6,450.4,Completed
2309,752,2022-04-06,68,87,2,264.83,529.66,Completed
2310,753,2026-04-09,302,33,2,62.63,125.26,Completed
2311,753,2026-04-09,302,89,2,249.17,498.34,Completed
2312,753,2026-04-09,302,47,1,206.98,206.98,Completed
2313,753,2026-04-09,302,94,1,60.39,60.39,Completed
2314,754,2023-03-16,214,31,3,314.73,944.19,Completed
2315,754,2023-03-16,214,92,2,455.46,910.92,Completed
2316,754,2023-03-16,214,99,3,273.19,819.57,Completed
2317,755,2024-03-28,23,60,3,210.31,630.93,Cancelled
2318,755,2024-03-28,23,53,2,298.35,596.7,Cancelled
2319,755,2024-03-28,23,10,3,140.15,420.45,Cancelled
2320,755,2024-03-28,23,55,4,405.59,1622.36,Cancelled
2321,756,2025-10-14,174,92,3,455.46,1366.38,Shipped
2322,756,2025-10-14,174,29,4,305.3,1221.2,Shipped
2323,756,2025-10-14,174,11,3,128.21,384.63,Shipped
2324,756,2025-10-14,174,23,2,32.52,65.04,Shipped
2325,756,2025-10-14,174,87,1,264.83,264.83,Shipped
2326,757,2024-05-09,212,38,3,49.02,147.06,Shipped
2327,757,2024-05-09,212,35,4,144.6,578.4,Shipped
2328,757,2024-05-09,212,2,2,119.71,239.42,Shipped
2329,758,2025-06-01,61,8,3,291.43,874.29,Completed
2330,758,2025-06-01,61,4,2,194.26,388.52,Completed
2331,758,2025-06-01,61,49,4,193.89,775.56,Completed
2332,759,2026-03-10,443,5,2,197.87,395.74,Shipped
2333,760,2022-08-20,347,6,3,196.57,589.71,Shipped
2334,760,2022-08-20,347,11,1,128.21,128.21,Shipped
2335,760,2022-08-20,347,49,2,193.89,387.78,Shipped
2336,761,2025-07-29,128,27,2,388.74,777.48,Completed
2337,762,2025-10-31,276,95,3,423.64,1270.92,Processing
2338,762,2025-10-31,276,75,3,120.94,362.82,Processing
2339,762,2025-10-31,276,69,2,114.37,228.74,Processing
2340,762,2025-10-31,276,73,1,474.1,474.1,Processing
2341,763,2023-11-10,136,79,2,265.84,531.68,Completed
2342,764,2025-11-08,77,7,1,480.03,480.03,Completed
2343,764,2025-11-08,77,38,3,49.02,147.06,Completed
2344,764,2025-11-08,77,75,3,120.94,362.82,Completed
2345,765,2023-01-17,479,17,1,425.88,425.88,Completed
2346,766,2026-03-25,388,37,2,167.33,334.66,Completed
2347,766,2026-03-25,388,34,2,146.82,293.64,Completed
2348,766,2026-03-25,388,11,3,128.21,384.63,Completed
2349,766,2026-03-25,388,48,1,415.18,415.18,Completed
2350,767,2024-03-05,43,72,4,310.88,1243.52,Completed
2351,767,2024-03-05,43,3,3,479.96,1439.88,Completed
2352,767,2024-03-05,43,10,1,140.15,140.15,Completed
2353,767,2024-03-05,43,37,1,167.33,167.33,Completed
2354,767,2024-03-05,43,55,4,405.59,1622.36,Completed
2355,768,2024-07-13,65,70,1,439.46,439.46,Completed
2356,769,2024-07-25,209,85,2,310.05,620.1,Completed
2357,769,2024-07-25,209,21,4,287.87,1151.48,Completed
2358,769,2024-07-25,209,58,4,425.26,1701.04,Completed
2359,770,2024-04-14,323,88,4,253.31,1013.24,Completed
2360,770,2024-04-14,323,81,3,135.75,407.25,Completed
2361,770,2024-04-14,323,78,4,68.42,273.68,Completed
2362,771,2025-10-23,416,53,1,298.35,298.35,Shipped
2363,771,2025-10-23,416,6,4,196.57,786.28,Shipped
2364,772,2025-07-29,202,14,2,343.34,686.68,Shipped
2365,772,2025-07-29,202,96,3,349.93,1049.79,Shipped
2366,772,2025-07-29,202,13,4,424.42,1697.68,Shipped
2367,772,2025-07-29,202,61,4,214.17,856.68,Shipped
2368,772,2025-07-29,202,84,2,153.73,307.46,Shipped
2369,773,2026-04-04,142,17,3,425.88,1277.64,Completed
2370,773,2026-04-04,142,87,2,264.83,529.66,Completed
2371,774,2023-03-12,199,88,3,253.31,759.93,Processing
2372,774,2023-03-12,199,87,4,264.83,1059.32,Processing
2373,774,2023-03-12,199,74,3,179.75,539.25,Processing
2374,774,2023-03-12,199,67,4,276.75,1107.0,Processing
2375,774,2023-03-12,199,42,4,81.98,327.92,Processing
2376,775,2025-02-25,43,20,2,302.33,604.66,Completed
2377,775,2025-02-25,43,67,1,276.75,276.75,Completed
2378,776,2023-10-22,497,37,1,167.33,167.33,Completed
2379,777,2024-11-21,136,33,2,62.63,125.26,Processing
2380,777,2024-11-21,136,23,2,32.52,65.04,Processing
2381,777,2024-11-21,136,9,1,58.75,58.75,Processing
2382,778,2023-09-12,337,82,4,43.63,174.52,Completed
2383,778,2023-09-12,337,61,3,214.17,642.51,Completed
2384,778,2023-09-12,337,94,2,60.39,120.78,Completed
2385,779,2025-03-26,471,99,1,273.19,273.19,Completed
2386,779,2025-03-26,471,70,4,439.46,1757.84,Completed
2387,779,2025-03-26,471,96,1,349.93,349.93,Completed
2388,780,2026-02-05,130,85,2,310.05,620.1,Completed
2389,780,2026-02-05,130,81,1,135.75,135.75,Completed
2390,780,2026-02-05,130,9,1,58.75,58.75,Completed
2391,780,2026-02-05,130,86,1,432.01,432.01,Completed
2392,780,2026-02-05,130,58,1,425.26,425.26,Completed
2393,781,2025-11-13,383,71,4,250.35,1001.4,Cancelled
2394,781,2025-11-13,383,7,1,480.03,480.03,Cancelled
2395,782,2026-01-24,243,92,1,455.46,455.46,Cancelled
2396,782,2026-01-24,243,83,1,284.61,284.61,Cancelled
2397,783,2026-03-10,408,33,4,62.63,250.52,Completed
2398,784,2024-02-15,424,22,4,48.79,195.16,Completed
2399,784,2024-02-15,424,41,2,122.45,244.9,Completed
2400,784,2024-02-15,424,94,1,60.39,60.39,Completed
2401,785,2024-05-25,281,51,1,436.43,436.43,Completed
2402,785,2024-05-25,281,52,1,340.83,340.83,Completed
2403,786,2025-07-11,122,90,2,164.21,328.42,Completed
2404,786,2025-07-11,122,51,1,436.43,436.43,Completed
2405,786,2025-07-11,122,52,2,340.83,681.66,Completed
2406,787,2025-08-10,380,37,4,167.33,669.32,Shipped
2407,787,2025-08-10,380,47,3,206.98,620.94,Shipped
2408,787,2025-08-10,380,29,1,305.3,305.3,Shipped
2409,787,2025-08-10,380,70,4,439.46,1757.84,Shipped
2410,788,2023-07-01,330,87,2,264.83,529.66,Completed
2411,788,2023-07-01,330,26,4,438.17,1752.68,Completed
2412,788,2023-07-01,330,95,1,423.64,423.64,Completed
2413,788,2023-07-01,330,77,2,82.37,164.74,Completed
2414,788,2023-07-01,330,48,3,415.18,1245.54,Completed
2415,789,2025-12-26,266,70,3,439.46,1318.38,Completed
2416,789,2025-12-26,266,94,3,60.39,181.17,Completed
2417,789,2025-12-26,266,17,1,425.88,425.88,Completed
2418,790,2026-04-02,443,49,3,193.89,581.67,Completed
2419,790,2026-04-02,443,31,4,314.73,1258.92,Completed
2420,790,2026-04-02,443,81,2,135.75,271.5,Completed
2421,791,2026-03-09,96,96,1,349.93,349.93,Completed
2422,791,2026-03-09,96,13,2,424.42,848.84,Completed
2423,791,2026-03-09,96,3,1,479.96,479.96,Completed
2424,791,2026-03-09,96,27,3,388.74,1166.22,Completed
2425,792,2026-03-03,273,100,3,380.07,1140.21,Processing
2426,792,2026-03-03,273,73,1,474.1,474.1,Processing
2427,792,2026-03-03,273,58,2,425.26,850.52,Processing
2428,792,2026-03-03,273,29,2,305.3,610.6,Processing
2429,792,2026-03-03,273,32,3,244.11,732.33,Processing
2430,793,2023-03-22,232,75,4,120.94,483.76,Completed
2431,794,2023-11-21,396,69,3,114.37,343.11,Completed
2432,794,2023-11-21,396,19,4,402.89,1611.56,Completed
2433,794,2023-11-21,396,30,4,242.62,970.48,Completed
2434,794,2023-11-21,396,31,3,314.73,944.19,Completed
2435,794,2023-11-21,396,89,1,249.17,249.17,Completed
2436,795,2026-03-28,294,73,3,474.1,1422.3,Processing
2437,795,2026-03-28,294,41,3,122.45,367.35,Processing
2438,795,2026-03-28,294,4,1,194.26,194.26,Processing
2439,795,2026-03-28,294,9,4,58.75,235.0,Processing
2440,795,2026-03-28,294,13,1,424.42,424.42,Processing
2441,796,2025-03-02,151,90,3,164.21,492.63,Cancelled
2442,796,2025-03-02,151,6,4,196.57,786.28,Cancelled
2443,796,2025-03-02,151,16,3,454.47,1363.41,Cancelled
2444,796,2025-03-02,151,97,3,77.73,233.19,Cancelled
2445,796,2025-03-02,151,62,4,215.7,862.8,Cancelled
2446,797,2025-01-24,387,3,2,479.96,959.92,Completed
2447,798,2024-07-24,174,8,4,291.43,1165.72,Completed
2448,799,2025-12-17,108,84,3,153.73,461.19,Completed
2449,799,2025-12-17,108,5,3,197.87,593.61,Completed
2450,799,2025-12-17,108,95,4,423.64,1694.56,Completed
2451,800,2025-11-24,157,84,2,153.73,307.46,Completed
2452,800,2025-11-24,157,99,2,273.19,546.38,Completed
2453,800,2025-11-24,157,91,4,227.19,908.76,Completed
2454,800,2025-11-24,157,14,1,343.34,343.34,Completed
2455,800,2025-11-24,157,76,2,334.46,668.92,Completed
2456,801,2022-08-08,438,67,2,276.75,553.5,Processing
2457,801,2022-08-08,438,31,3,314.73,944.19,Processing
2458,801,2022-08-08,438,46,3,98.83,296.49,Processing
2459,801,2022-08-08,438,29,4,305.3,1221.2,Processing
2460,801,2022-08-08,438,65,4,392.05,1568.2,Processing
2461,802,2026-03-28,439,24,1,34.73,34.73,Completed
2462,802,2026-03-28,439,20,1,302.33,302.33,Completed
2463,802,2026-03-28,439,18,2,250.54,501.08,Completed
2464,802,2026-03-28,439,2,1,119.71,119.71,Completed
2465,802,2026-03-28,439,51,1,436.43,436.43,Completed
2466,803,2026-01-01,169,8,2,291.43,582.86,Completed
2467,804,2024-11-22,204,87,1,264.83,264.83,Completed
2468,804,2024-11-22,204,64,2,79.12,158.24,Completed
2469,804,2024-11-22,204,25,3,366.6,1099.8,Completed
2470,804,2024-11-22,204,42,3,81.98,245.94,Completed
2471,804,2024-11-22,204,5,4,197.87,791.48,Completed
2472,805,2023-08-08,250,42,3,81.98,245.94,Completed
2473,806,2024-01-02,100,48,3,415.18,1245.54,Completed
2474,807,2022-12-11,385,52,3,340.83,1022.49,Completed
2475,807,2022-12-11,385,92,4,455.46,1821.84,Completed
2476,807,2022-12-11,385,13,2,424.42,848.84,Completed
2477,807,2022-12-11,385,82,3,43.63,130.89,Completed
2478,808,2025-03-28,162,32,2,244.11,488.22,Cancelled
2479,808,2025-03-28,162,54,4,341.99,1367.96,Cancelled
2480,808,2025-03-28,162,62,2,215.7,431.4,Cancelled
2481,808,2025-03-28,162,36,3,112.6,337.8,Cancelled
2482,809,2022-07-19,441,57,2,446.72,893.44,Processing
2483,809,2022-07-19,441,68,4,169.52,678.08,Processing
2484,809,2022-07-19,441,43,2,446.64,893.28,Processing
2485,810,2025-02-12,166,48,2,415.18,830.36,Completed
2486,810,2025-02-12,166,37,3,167.33,501.99,Completed
2487,811,2026-03-26,372,74,2,179.75,359.5,Completed
2488,811,2026-03-26,372,56,3,295.88,887.64,Completed
2489,812,2024-12-08,71,27,2,388.74,777.48,Completed
2490,812,2024-12-08,71,14,2,343.34,686.68,Completed
2491,812,2024-12-08,71,55,3,405.59,1216.77,Completed
2492,813,2024-02-23,143,86,4,432.01,1728.04,Cancelled
2493,814,2024-09-01,456,65,2,392.05,784.1,Shipped
2494,814,2024-09-01,456,52,4,340.83,1363.32,Shipped
2495,814,2024-09-01,456,37,1,167.33,167.33,Shipped
2496,814,2024-09-01,456,15,1,53.9,53.9,Shipped
2497,814,2024-09-01,456,53,2,298.35,596.7,Shipped
2498,815,2024-08-03,118,48,1,415.18,415.18,Completed
2499,816,2025-01-05,166,86,4,432.01,1728.04,Shipped
2500,816,2025-01-05,166,92,1,455.46,455.46,Shipped
2501,816,2025-01-05,166,56,2,295.88,591.76,Shipped
2502,816,2025-01-05,166,50,1,243.34,243.34,Shipped
2503,817,2026-03-20,311,29,4,305.3,1221.2,Processing
2504,818,2026-02-09,269,12,1,477.56,477.56,Shipped
2505,818,2026-02-09,269,93,3,258.69,776.07,Shipped
2506,818,2026-02-09,269,54,2,341.99,683.98,Shipped
2507,818,2026-02-09,269,24,2,34.73,69.46,Shipped
2508,819,2025-03-12,95,29,4,305.3,1221.2,Completed
2509,819,2025-03-12,95,37,1,167.33,167.33,Completed
2510,819,2025-03-12,95,74,4,179.75,719.0,Completed
2511,819,2025-03-12,95,75,2,120.94,241.88,Completed
2512,820,2025-01-23,421,29,2,305.3,610.6,Completed
2513,820,2025-01-23,421,78,4,68.42,273.68,Completed
2514,821,2026-01-24,417,23,3,32.52,97.56,Completed
2515,821,2026-01-24,417,85,4,310.05,1240.2,Completed
2516,821,2026-01-24,417,1,4,341.27,1365.08,Completed
2517,822,2025-12-18,41,24,1,34.73,34.73,Completed
2518,822,2025-12-18,41,44,2,21.82,43.64,Completed
2519,822,2025-12-18,41,74,2,179.75,359.5,Completed
2520,822,2025-12-18,41,49,3,193.89,581.67,Completed
2521,822,2025-12-18,41,50,3,243.34,730.02,Completed
2522,823,2026-02-18,91,15,1,53.9,53.9,Completed
2523,823,2026-02-18,91,100,1,380.07,380.07,Completed
2524,824,2025-04-23,177,47,1,206.98,206.98,Shipped
2525,824,2025-04-23,177,21,1,287.87,287.87,Shipped
2526,825,2026-04-14,21,29,1,305.3,305.3,Completed
2527,825,2026-04-14,21,45,1,324.19,324.19,Completed
2528,825,2026-04-14,21,92,3,455.46,1366.38,Completed
2529,825,2026-04-14,21,65,4,392.05,1568.2,Completed
2530,826,2025-12-30,266,26,1,438.17,438.17,Completed
2531,826,2025-12-30,266,25,3,366.6,1099.8,Completed
2532,826,2025-12-30,266,40,2,465.16,930.32,Completed
2533,826,2025-12-30,266,67,1,276.75,276.75,Completed
2534,827,2026-03-29,416,69,1,114.37,114.37,Completed
2535,828,2025-10-18,62,28,3,315.85,947.55,Completed
2536,829,2024-03-18,282,50,4,243.34,973.36,Completed
2537,829,2024-03-18,282,86,1,432.01,432.01,Completed
2538,829,2024-03-18,282,45,4,324.19,1296.76,Completed
2539,829,2024-03-18,282,96,4,349.93,1399.72,Completed
2540,829,2024-03-18,282,80,4,38.87,155.48,Completed
2541,830,2026-02-28,113,49,2,193.89,387.78,Completed
2542,830,2026-02-28,113,50,2,243.34,486.68,Completed
2543,831,2025-03-16,227,47,4,206.98,827.92,Completed
2544,831,2025-03-16,227,49,4,193.89,775.56,Completed
2545,831,2025-03-16,227,38,4,49.02,196.08,Completed
2546,831,2025-03-16,227,79,1,265.84,265.84,Completed
2547,832,2025-07-05,495,64,1,79.12,79.12,Processing
2548,833,2026-04-12,280,78,4,68.42,273.68,Completed
2549,833,2026-04-12,280,15,2,53.9,107.8,Completed
2550,833,2026-04-12,280,64,1,79.12,79.12,Completed
2551,834,2026-03-11,141,88,3,253.31,759.93,Completed
2552,835,2023-12-25,464,7,3,480.03,1440.09,Processing
2553,836,2025-05-20,431,69,4,114.37,457.48,Completed
2554,837,2026-02-10,354,44,1,21.82,21.82,Completed
2555,837,2026-02-10,354,43,4,446.64,1786.56,Completed
2556,837,2026-02-10,354,69,1,114.37,114.37,Completed
2557,837,2026-02-10,354,12,1,477.56,477.56,Completed
2558,838,2024-04-17,38,95,2,423.64,847.28,Shipped
2559,838,2024-04-17,38,91,1,227.19,227.19,Shipped
2560,838,2024-04-17,38,57,4,446.72,1786.88,Shipped
2561,838,2024-04-17,38,50,2,243.34,486.68,Shipped
2562,839,2025-05-31,61,26,1,438.17,438.17,Completed
2563,839,2025-05-31,61,33,3,62.63,187.89,Completed
2564,839,2025-05-31,61,39,1,187.34,187.34,Completed
2565,839,2025-05-31,61,2,3,119.71,359.13,Completed
2566,840,2024-11-18,427,34,1,146.82,146.82,Completed
2567,841,2024-01-01,198,67,4,276.75,1107.0,Completed
2568,841,2024-01-01,198,84,3,153.73,461.19,Completed
2569,841,2024-01-01,198,27,2,388.74,777.48,Completed
2570,842,2025-05-27,25,94,1,60.39,60.39,Completed
2571,843,2025-10-26,20,6,4,196.57,786.28,Completed
2572,844,2026-03-16,358,17,2,425.88,851.76,Completed
2573,844,2026-03-16,358,74,3,179.75,539.25,Completed
2574,844,2026-03-16,358,20,2,302.33,604.66,Completed
2575,844,2026-03-16,358,88,1,253.31,253.31,Completed
2576,845,2023-04-02,500,7,3,480.03,1440.09,Completed
2577,846,2024-11-28,374,25,1,366.6,366.6,Completed
2578,846,2024-11-28,374,8,2,291.43,582.86,Completed
2579,846,2024-11-28,374,77,1,82.37,82.37,Completed
2580,846,2024-11-28,374,5,4,197.87,791.48,Completed
2581,846,2024-11-28,374,13,4,424.42,1697.68,Completed
2582,847,2024-02-27,71,86,2,432.01,864.02,Completed
2583,847,2024-02-27,71,69,2,114.37,228.74,Completed
2584,848,2025-06-28,254,35,2,144.6,289.2,Completed
2585,848,2025-06-28,254,70,2,439.46,878.92,Completed
2586,848,2025-06-28,254,73,4,474.1,1896.4,Completed
2587,848,2025-06-28,254,87,1,264.83,264.83,Completed
2588,849,2024-10-03,99,61,2,214.17,428.34,Completed
2589,849,2024-10-03,99,17,2,425.88,851.76,Completed
2590,849,2024-10-03,99,98,4,223.42,893.68,Completed
2591,850,2024-02-24,9,8,4,291.43,1165.72,Cancelled
2592,850,2024-02-24,9,6,1,196.57,196.57,Cancelled
2593,850,2024-02-24,9,51,2,436.43,872.86,Cancelled
2594,850,2024-02-24,9,20,2,302.33,604.66,Cancelled
2595,851,2025-09-11,42,27,1,388.74,388.74,Completed
2596,851,2025-09-11,42,33,2,62.63,125.26,Completed
2597,851,2025-09-11,42,15,3,53.9,161.7,Completed
2598,851,2025-09-11,42,69,3,114.37,343.11,Completed
2599,852,2025-03-13,375,14,1,343.34,343.34,Completed
2600,852,2025-03-13,375,100,4,380.07,1520.28,Completed
2601,853,2025-05-04,248,46,1,98.83,98.83,Completed
2602,853,2025-05-04,248,73,4,474.1,1896.4,Completed
2603,853,2025-05-04,248,48,3,415.18,1245.54,Completed
2604,854,2025-04-06,187,54,4,341.99,1367.96,Completed
2605,854,2025-04-06,187,6,1,196.57,196.57,Completed
2606,854,2025-04-06,187,40,3,465.16,1395.48,Completed
2607,854,2025-04-06,187,11,2,128.21,256.42,Completed
2608,854,2025-04-06,187,83,3,284.61,853.83,Completed
2609,855,2026-03-27,472,4,4,194.26,777.04,Completed
2610,855,2026-03-27,472,75,2,120.94,241.88,Completed
2611,856,2025-05-23,362,60,2,210.31,420.62,Completed
2612,856,2025-05-23,362,83,1,284.61,284.61,Completed
2613,856,2025-05-23,362,78,1,68.42,68.42,Completed
2614,856,2025-05-23,362,61,2,214.17,428.34,Completed
2615,857,2023-12-03,413,42,2,81.98,163.96,Completed
2616,857,2023-12-03,413,26,2,438.17,876.34,Completed
2617,858,2026-03-20,334,31,3,314.73,944.19,Shipped
2618,859,2025-01-31,39,1,3,341.27,1023.81,Completed
2619,859,2025-01-31,39,92,3,455.46,1366.38,Completed
2620,859,2025-01-31,39,46,3,98.83,296.49,Completed
2621,859,2025-01-31,39,72,4,310.88,1243.52,Completed
2622,860,2025-08-29,48,49,3,193.89,581.67,Completed
2623,861,2025-09-11,321,46,1,98.83,98.83,Processing
2624,861,2025-09-11,321,11,1,128.21,128.21,Processing
2625,861,2025-09-11,321,98,3,223.42,670.26,Processing
2626,861,2025-09-11,321,42,4,81.98,327.92,Processing
2627,862,2026-01-20,39,42,1,81.98,81.98,Completed
2628,862,2026-01-20,39,39,4,187.34,749.36,Completed
2629,862,2026-01-20,39,97,3,77.73,233.19,Completed
2630,863,2025-06-24,470,74,3,179.75,539.25,Completed
2631,863,2025-06-24,470,78,4,68.42,273.68,Completed
2632,864,2025-10-09,25,57,3,446.72,1340.16,Completed
2633,864,2025-10-09,25,96,3,349.93,1049.79,Completed
2634,865,2024-02-02,317,97,2,77.73,155.46,Processing
2635,865,2024-02-02,317,58,1,425.26,425.26,Processing
2636,865,2024-02-02,317,100,3,380.07,1140.21,Processing
2637,865,2024-02-02,317,60,1,210.31,210.31,Processing
2638,865,2024-02-02,317,55,1,405.59,405.59,Processing
2639,866,2026-02-28,423,97,2,77.73,155.46,Completed
2640,866,2026-02-28,423,69,4,114.37,457.48,Completed
2641,867,2025-04-18,6,90,3,164.21,492.63,Completed
2642,868,2023-02-05,103,45,3,324.19,972.57,Completed
2643,869,2026-02-26,243,86,4,432.01,1728.04,Completed
2644,869,2026-02-26,243,51,1,436.43,436.43,Completed
2645,870,2023-08-23,114,16,3,454.47,1363.41,Processing
2646,870,2023-08-23,114,85,1,310.05,310.05,Processing
2647,871,2026-03-28,123,40,3,465.16,1395.48,Completed
2648,871,2026-03-28,123,8,1,291.43,291.43,Completed
2649,871,2026-03-28,123,18,1,250.54,250.54,Completed
2650,871,2026-03-28,123,57,1,446.72,446.72,Completed
2651,872,2025-01-29,410,10,3,140.15,420.45,Completed
2652,872,2025-01-29,410,38,3,49.02,147.06,Completed
2653,872,2025-01-29,410,79,2,265.84,531.68,Completed
2654,872,2025-01-29,410,53,2,298.35,596.7,Completed
2655,872,2025-01-29,410,69,3,114.37,343.11,Completed
2656,873,2024-08-03,118,78,1,68.42,68.42,Completed
2657,874,2025-11-19,145,83,2,284.61,569.22,Completed
2658,874,2025-11-19,145,61,2,214.17,428.34,Completed
2659,874,2025-11-19,145,75,3,120.94,362.82,Completed
2660,874,2025-11-19,145,84,1,153.73,153.73,Completed
2661,875,2024-12-07,412,98,1,223.42,223.42,Completed
2662,876,2025-09-20,121,19,2,402.89,805.78,Completed
2663,876,2025-09-20,121,92,3,455.46,1366.38,Completed
2664,876,2025-09-20,121,82,1,43.63,43.63,Completed
2665,876,2025-09-20,121,77,3,82.37,247.11,Completed
2666,877,2023-09-13,304,4,4,194.26,777.04,Shipped
2667,878,2025-04-20,219,64,1,79.12,79.12,Completed
2668,878,2025-04-20,219,44,2,21.82,43.64,Completed
2669,878,2025-04-20,219,77,2,82.37,164.74,Completed
2670,879,2025-12-31,34,59,4,453.63,1814.52,Completed
2671,880,2024-02-28,147,86,4,432.01,1728.04,Cancelled
2672,880,2024-02-28,147,37,2,167.33,334.66,Cancelled
2673,880,2024-02-28,147,63,3,163.78,491.34,Cancelled
2674,881,2023-11-14,24,79,3,265.84,797.52,Completed
2675,881,2023-11-14,24,46,1,98.83,98.83,Completed
2676,882,2025-02-03,162,21,1,287.87,287.87,Completed
2677,882,2025-02-03,162,25,1,366.6,366.6,Completed
2678,882,2025-02-03,162,82,1,43.63,43.63,Completed
2679,883,2025-10-09,418,100,4,380.07,1520.28,Completed
2680,883,2025-10-09,418,37,4,167.33,669.32,Completed
2681,884,2026-01-30,269,90,2,164.21,328.42,Completed
2682,884,2026-01-30,269,82,4,43.63,174.52,Completed
2683,884,2026-01-30,269,15,2,53.9,107.8,Completed
2684,884,2026-01-30,269,70,4,439.46,1757.84,Completed
2685,884,2026-01-30,269,13,1,424.42,424.42,Completed
2686,885,2024-09-25,109,79,3,265.84,797.52,Processing
2687,885,2024-09-25,109,8,4,291.43,1165.72,Processing
2688,886,2022-07-14,406,43,4,446.64,1786.56,Completed
2689,887,2024-03-10,58,79,2,265.84,531.68,Completed
2690,887,2024-03-10,58,98,2,223.42,446.84,Completed
2691,888,2026-01-11,380,2,2,119.71,239.42,Processing
2692,888,2026-01-11,380,79,4,265.84,1063.36,Processing
2693,889,2025-11-28,254,82,3,43.63,130.89,Completed
2694,889,2025-11-28,254,66,3,244.34,733.02,Completed
2695,889,2025-11-28,254,71,4,250.35,1001.4,Completed
2696,890,2025-01-04,431,46,1,98.83,98.83,Completed
2697,890,2025-01-04,431,7,3,480.03,1440.09,Completed
2698,890,2025-01-04,431,40,1,465.16,465.16,Completed
2699,890,2025-01-04,431,71,3,250.35,751.05,Completed
2700,891,2025-10-09,57,57,1,446.72,446.72,Completed
2701,891,2025-10-09,57,1,3,341.27,1023.81,Completed
2702,891,2025-10-09,57,99,3,273.19,819.57,Completed
2703,891,2025-10-09,57,82,2,43.63,87.26,Completed
2704,892,2025-12-16,260,54,2,341.99,683.98,Completed
2705,892,2025-12-16,260,93,4,258.69,1034.76,Completed
2706,892,2025-12-16,260,25,4,366.6,1466.4,Completed
2707,892,2025-12-16,260,56,2,295.88,591.76,Completed
2708,893,2026-02-07,21,39,4,187.34,749.36,Completed
2709,893,2026-02-07,21,64,4,79.12,316.48,Completed
2710,893,2026-02-07,21,44,3,21.82,65.46,Completed
2711,893,2026-02-07,21,82,4,43.63,174.52,Completed
2712,894,2022-08-17,52,13,4,424.42,1697.68,Completed
2713,894,2022-08-17,52,42,3,81.98,245.94,Completed
2714,894,2022-08-17,52,30,3,242.62,727.86,Completed
2715,894,2022-08-17,52,84,4,153.73,614.92,Completed
2716,895,2024-02-10,288,23,1,32.52,32.52,Completed
2717,895,2024-02-10,288,30,4,242.62,970.48,Completed
2718,896,2026-04-02,391,98,4,223.42,893.68,Processing
2719,897,2024-02-04,255,68,2,169.52,339.04,Shipped
2720,897,2024-02-04,255,74,4,179.75,719.0,Shipped
2721,898,2026-04-03,43,47,3,206.98,620.94,Shipped
2722,898,2026-04-03,43,82,1,43.63,43.63,Shipped
2723,898,2026-04-03,43,89,1,249.17,249.17,Shipped
2724,898,2026-04-03,43,78,4,68.42,273.68,Shipped
2725,898,2026-04-03,43,10,1,140.15,140.15,Shipped
2726,899,2026-03-31,470,18,4,250.54,1002.16,Processing
2727,899,2026-03-31,470,2,4,119.71,478.84,Processing
2728,899,2026-03-31,470,61,2,214.17,428.34,Processing
2729,900,2026-03-16,173,12,4,477.56,1910.24,Completed
2730,900,2026-03-16,173,30,1,242.62,242.62,Completed
2731,901,2022-06-18,342,88,4,253.31,1013.24,Processing
2732,901,2022-06-18,342,63,2,163.78,327.56,Processing
2733,901,2022-06-18,342,58,1,425.26,425.26,Processing
2734,902,2025-12-25,6,1,3,341.27,1023.81,Completed
2735,903,2024-01-18,118,49,4,193.89,775.56,Shipped
2736,903,2024-01-18,118,85,2,310.05,620.1,Shipped
2737,904,2025-12-13,183,3,4,479.96,1919.84,Completed
2738,905,2025-11-16,395,46,4,98.83,395.32,Completed
2739,905,2025-11-16,395,42,4,81.98,327.92,Completed
2740,905,2025-11-16,395,76,4,334.46,1337.84,Completed
2741,905,2025-11-16,395,29,1,305.3,305.3,Completed
2742,906,2025-09-21,430,47,3,206.98,620.94,Completed
2743,906,2025-09-21,430,38,1,49.02,49.02,Completed
2744,906,2025-09-21,430,81,3,135.75,407.25,Completed
2745,906,2025-09-21,430,23,4,32.52,130.08,Completed
2746,907,2025-05-03,407,64,4,79.12,316.48,Completed
2747,907,2025-05-03,407,47,4,206.98,827.92,Completed
2748,907,2025-05-03,407,25,1,366.6,366.6,Completed
2749,908,2026-03-31,486,28,3,315.85,947.55,Completed
2750,908,2026-03-31,486,77,4,82.37,329.48,Completed
2751,909,2022-05-08,232,47,3,206.98,620.94,Completed
2752,909,2022-05-08,232,64,4,79.12,316.48,Completed
2753,909,2022-05-08,232,90,2,164.21,328.42,Completed
2754,909,2022-05-08,232,84,4,153.73,614.92,Completed
2755,910,2025-02-16,378,41,2,122.45,244.9,Shipped
2756,910,2025-02-16,378,54,3,341.99,1025.97,Shipped
2757,910,2025-02-16,378,90,3,164.21,492.63,Shipped
2758,910,2025-02-16,378,89,1,249.17,249.17,Shipped
2759,910,2025-02-16,378,88,2,253.31,506.62,Shipped
2760,911,2025-03-27,185,10,2,140.15,280.3,Completed
2761,911,2025-03-27,185,93,3,258.69,776.07,Completed
2762,911,2025-03-27,185,42,1,81.98,81.98,Completed
2763,911,2025-03-27,185,37,1,167.33,167.33,Completed
2764,911,2025-03-27,185,96,3,349.93,1049.79,Completed
2765,912,2025-04-28,364,41,1,122.45,122.45,Completed
2766,912,2025-04-28,364,39,2,187.34,374.68,Completed
2767,912,2025-04-28,364,73,3,474.1,1422.3,Completed
2768,912,2025-04-28,364,38,2,49.02,98.04,Completed
2769,912,2025-04-28,364,5,2,197.87,395.74,Completed
2770,913,2025-03-31,399,67,3,276.75,830.25,Processing
2771,913,2025-03-31,399,88,3,253.31,759.93,Processing
2772,913,2025-03-31,399,93,3,258.69,776.07,Processing
2773,914,2025-10-27,88,10,2,140.15,280.3,Completed
2774,914,2025-10-27,88,23,2,32.52,65.04,Completed
2775,914,2025-10-27,88,3,1,479.96,479.96,Completed
2776,914,2025-10-27,88,84,3,153.73,461.19,Completed
2777,914,2025-10-27,88,53,1,298.35,298.35,Completed
2778,915,2024-12-04,437,65,2,392.05,784.1,Shipped
2779,915,2024-12-04,437,11,1,128.21,128.21,Shipped
2780,915,2024-12-04,437,88,1,253.31,253.31,Shipped
2781,916,2023-12-18,298,92,1,455.46,455.46,Completed
2782,917,2024-04-27,336,18,1,250.54,250.54,Completed
2783,917,2024-04-27,336,32,1,244.11,244.11,Completed
2784,917,2024-04-27,336,40,2,465.16,930.32,Completed
2785,918,2024-07-30,81,24,3,34.73,104.19,Completed
2786,918,2024-07-30,81,18,2,250.54,501.08,Completed
2787,918,2024-07-30,81,52,2,340.83,681.66,Completed
2788,919,2025-08-31,306,77,3,82.37,247.11,Completed
2789,919,2025-08-31,306,14,2,343.34,686.68,Completed
2790,919,2025-08-31,306,89,3,249.17,747.51,Completed
2791,919,2025-08-31,306,91,2,227.19,454.38,Completed
2792,919,2025-08-31,306,53,3,298.35,895.05,Completed
2793,920,2025-08-26,477,75,1,120.94,120.94,Completed
2794,920,2025-08-26,477,78,1,68.42,68.42,Completed
2795,921,2025-12-16,160,30,1,242.62,242.62,Completed
2796,921,2025-12-16,160,62,4,215.7,862.8,Completed
2797,921,2025-12-16,160,65,2,392.05,784.1,Completed
2798,921,2025-12-16,160,54,3,341.99,1025.97,Completed
2799,921,2025-12-16,160,20,4,302.33,1209.32,Completed
2800,922,2024-10-26,176,50,4,243.34,973.36,Completed
2801,922,2024-10-26,176,77,4,82.37,329.48,Completed
2802,922,2024-10-26,176,24,4,34.73,138.92,Completed
2803,922,2024-10-26,176,8,2,291.43,582.86,Completed
2804,923,2025-04-21,219,28,4,315.85,1263.4,Completed
2805,923,2025-04-21,219,77,2,82.37,164.74,Completed
2806,924,2026-02-10,196,49,4,193.89,775.56,Completed
2807,924,2026-02-10,196,55,3,405.59,1216.77,Completed
2808,924,2026-02-10,196,92,1,455.46,455.46,Completed
2809,925,2023-12-24,133,60,1,210.31,210.31,Completed
2810,926,2026-03-21,94,85,1,310.05,310.05,Processing
2811,927,2025-03-02,282,63,3,163.78,491.34,Completed
2812,927,2025-03-02,282,64,2,79.12,158.24,Completed
2813,928,2023-09-25,399,63,4,163.78,655.12,Completed
2814,928,2023-09-25,399,9,1,58.75,58.75,Completed
2815,929,2024-11-11,11,31,2,314.73,629.46,Completed
2816,929,2024-11-11,11,60,2,210.31,420.62,Completed
2817,929,2024-11-11,11,83,1,284.61,284.61,Completed
2818,929,2024-11-11,11,56,1,295.88,295.88,Completed
2819,930,2025-12-31,257,27,2,388.74,777.48,Cancelled
2820,930,2025-12-31,257,15,2,53.9,107.8,Cancelled
2821,931,2023-06-28,480,83,2,284.61,569.22,Shipped
2822,932,2026-03-04,125,40,2,465.16,930.32,Completed
2823,933,2026-04-04,402,95,4,423.64,1694.56,Completed
2824,933,2026-04-04,402,63,2,163.78,327.56,Completed
2825,934,2026-04-15,46,95,2,423.64,847.28,Completed
2826,934,2026-04-15,46,42,1,81.98,81.98,Completed
2827,934,2026-04-15,46,46,1,98.83,98.83,Completed
2828,934,2026-04-15,46,79,2,265.84,531.68,Completed
2829,935,2025-12-10,111,95,2,423.64,847.28,Shipped
2830,935,2025-12-10,111,10,3,140.15,420.45,Shipped
2831,935,2025-12-10,111,25,2,366.6,733.2,Shipped
2832,935,2025-12-10,111,11,3,128.21,384.63,Shipped
2833,936,2025-01-24,123,62,1,215.7,215.7,Completed
2834,937,2026-02-09,249,16,4,454.47,1817.88,Completed
2835,937,2026-02-09,249,52,4,340.83,1363.32,Completed
2836,938,2025-10-22,462,86,1,432.01,432.01,Completed
2837,938,2025-10-22,462,70,2,439.46,878.92,Completed
2838,938,2025-10-22,462,99,2,273.19,546.38,Completed
2839,939,2026-03-13,196,57,4,446.72,1786.88,Shipped
2840,939,2026-03-13,196,28,4,315.85,1263.4,Shipped
2841,940,2026-02-03,458,65,4,392.05,1568.2,Completed
2842,940,2026-02-03,458,7,2,480.03,960.06,Completed
2843,940,2026-02-03,458,76,1,334.46,334.46,Completed
2844,940,2026-02-03,458,23,4,32.52,130.08,Completed
2845,941,2025-11-01,114,31,4,314.73,1258.92,Completed
2846,942,2026-04-09,279,2,1,119.71,119.71,Completed
2847,942,2026-04-09,279,60,2,210.31,420.62,Completed
2848,943,2025-01-31,43,63,1,163.78,163.78,Completed
2849,943,2025-01-31,43,92,4,455.46,1821.84,Completed
2850,943,2025-01-31,43,11,2,128.21,256.42,Completed
2851,943,2025-01-31,43,69,4,114.37,457.48,Completed
2852,943,2025-01-31,43,53,2,298.35,596.7,Completed
2853,944,2023-02-13,204,68,4,169.52,678.08,Completed
2854,944,2023-02-13,204,95,3,423.64,1270.92,Completed
2855,944,2023-02-13,204,40,2,465.16,930.32,Completed
2856,944,2023-02-13,204,75,2,120.94,241.88,Completed
2857,945,2025-06-10,286,23,3,32.52,97.56,Processing
2858,945,2025-06-10,286,29,3,305.3,915.9,Processing
2859,946,2026-02-01,169,89,4,249.17,996.68,Completed
2860,946,2026-02-01,169,3,1,479.96,479.96,Completed
2861,946,2026-02-01,169,57,2,446.72,893.44,Completed
2862,946,2026-02-01,169,69,3,114.37,343.11,Completed
2863,946,2026-02-01,169,24,4,34.73,138.92,Completed
2864,947,2026-03-25,129,39,1,187.34,187.34,Shipped
2865,948,2023-09-26,428,74,1,179.75,179.75,Shipped
2866,949,2026-04-07,372,65,1,392.05,392.05,Completed
2867,949,2026-04-07,372,3,2,479.96,959.92,Completed
2868,950,2026-02-23,241,95,2,423.64,847.28,Completed
2869,950,2026-02-23,241,40,1,465.16,465.16,Completed
2870,950,2026-02-23,241,85,4,310.05,1240.2,Completed
2871,950,2026-02-23,241,10,4,140.15,560.6,Completed
2872,950,2026-02-23,241,8,4,291.43,1165.72,Completed
2873,951,2025-06-28,434,59,2,453.63,907.26,Completed
2874,951,2025-06-28,434,27,2,388.74,777.48,Completed
2875,951,2025-06-28,434,80,4,38.87,155.48,Completed
2876,951,2025-06-28,434,13,2,424.42,848.84,Completed
2877,952,2026-03-03,153,16,4,454.47,1817.88,Completed
2878,952,2026-03-03,153,83,2,284.61,569.22,Completed
2879,952,2026-03-03,153,34,2,146.82,293.64,Completed
2880,952,2026-03-03,153,22,1,48.79,48.79,Completed
2881,953,2025-06-16,65,88,2,253.31,506.62,Completed
2882,953,2025-06-16,65,67,3,276.75,830.25,Completed
2883,953,2025-06-16,65,82,4,43.63,174.52,Completed
2884,953,2025-06-16,65,100,2,380.07,760.14,Completed
2885,954,2025-01-05,491,16,4,454.47,1817.88,Completed
2886,954,2025-01-05,491,46,4,98.83,395.32,Completed
2887,954,2025-01-05,491,41,3,122.45,367.35,Completed
2888,954,2025-01-05,491,56,4,295.88,1183.52,Completed
2889,955,2026-04-14,191,87,2,264.83,529.66,Shipped
2890,956,2022-12-31,190,61,4,214.17,856.68,Shipped
2891,956,2022-12-31,190,86,1,432.01,432.01,Shipped
2892,956,2022-12-31,190,80,3,38.87,116.61,Shipped
2893,957,2024-12-09,265,81,2,135.75,271.5,Shipped
2894,958,2025-06-13,154,49,1,193.89,193.89,Completed
2895,958,2025-06-13,154,42,3,81.98,245.94,Completed
2896,958,2025-06-13,154,79,1,265.84,265.84,Completed
2897,958,2025-06-13,154,26,4,438.17,1752.68,Completed
2898,959,2025-02-02,491,91,1,227.19,227.19,Completed
2899,959,2025-02-02,491,5,2,197.87,395.74,Completed
2900,959,2025-02-02,491,4,4,194.26,777.04,Completed
2901,960,2026-04-16,49,93,2,258.69,517.38,Completed
2902,960,2026-04-16,49,38,2,49.02,98.04,Completed
2903,961,2023-11-02,223,45,2,324.19,648.38,Completed
2904,962,2025-12-03,436,3,4,479.96,1919.84,Completed
2905,962,2025-12-03,436,65,3,392.05,1176.15,Completed
2906,962,2025-12-03,436,78,3,68.42,205.26,Completed
2907,963,2026-01-22,273,93,1,258.69,258.69,Completed
2908,963,2026-01-22,273,60,2,210.31,420.62,Completed
2909,963,2026-01-22,273,58,2,425.26,850.52,Completed
2910,963,2026-01-22,273,87,4,264.83,1059.32,Completed
2911,963,2026-01-22,273,96,4,349.93,1399.72,Completed
2912,964,2025-07-14,332,37,1,167.33,167.33,Completed
2913,964,2025-07-14,332,96,1,349.93,349.93,Completed
2914,964,2025-07-14,332,32,1,244.11,244.11,Completed
2915,964,2025-07-14,332,57,1,446.72,446.72,Completed
2916,965,2026-02-24,115,47,3,206.98,620.94,Completed
2917,966,2026-03-14,172,46,1,98.83,98.83,Completed
2918,966,2026-03-14,172,12,1,477.56,477.56,Completed
2919,966,2026-03-14,172,11,2,128.21,256.42,Completed
2920,967,2025-12-02,180,73,2,474.1,948.2,Shipped
2921,967,2025-12-02,180,11,3,128.21,384.63,Shipped
2922,967,2025-12-02,180,63,4,163.78,655.12,Shipped
2923,968,2025-12-28,495,54,3,341.99,1025.97,Shipped
2924,968,2025-12-28,495,74,1,179.75,179.75,Shipped
2925,968,2025-12-28,495,100,4,380.07,1520.28,Shipped
2926,969,2026-01-11,423,50,3,243.34,730.02,Shipped
2927,969,2026-01-11,423,94,2,60.39,120.78,Shipped
2928,969,2026-01-11,423,24,1,34.73,34.73,Shipped
2929,969,2026-01-11,423,8,3,291.43,874.29,Shipped
2930,969,2026-01-11,423,14,1,343.34,343.34,Shipped
2931,970,2024-06-04,198,100,3,380.07,1140.21,Completed
2932,970,2024-06-04,198,48,3,415.18,1245.54,Completed
2933,970,2024-06-04,198,37,1,167.33,167.33,Completed
2934,970,2024-06-04,198,33,2,62.63,125.26,Completed
2935,971,2025-07-19,415,23,1,32.52,32.52,Shipped
2936,971,2025-07-19,415,30,2,242.62,485.24,Shipped
2937,971,2025-07-19,415,81,1,135.75,135.75,Shipped
2938,971,2025-07-19,415,84,4,153.73,614.92,Shipped
2939,972,2026-04-09,74,93,1,258.69,258.69,Completed
2940,972,2026-04-09,74,87,1,264.83,264.83,Completed
2941,973,2025-01-21,120,56,3,295.88,887.64,Completed
2942,973,2025-01-21,120,58,2,425.26,850.52,Completed
2943,973,2025-01-21,120,29,3,305.3,915.9,Completed
2944,973,2025-01-21,120,17,2,425.88,851.76,Completed
2945,973,2025-01-21,120,31,2,314.73,629.46,Completed
2946,974,2025-11-26,71,46,2,98.83,197.66,Shipped
2947,974,2025-11-26,71,55,1,405.59,405.59,Shipped
2948,975,2025-01-06,472,23,4,32.52,130.08,Completed
2949,975,2025-01-06,472,62,1,215.7,215.7,Completed
2950,976,2025-12-20,294,68,1,169.52,169.52,Processing
2951,976,2025-12-20,294,79,4,265.84,1063.36,Processing
2952,976,2025-12-20,294,18,3,250.54,751.62,Processing
2953,977,2023-10-14,412,29,2,305.3,610.6,Processing
2954,977,2023-10-14,412,84,4,153.73,614.92,Processing
2955,977,2023-10-14,412,94,1,60.39,60.39,Processing
2956,978,2024-08-03,288,10,3,140.15,420.45,Completed
2957,978,2024-08-03,288,44,1,21.82,21.82,Completed
2958,979,2026-01-10,376,69,4,114.37,457.48,Processing
2959,979,2026-01-10,376,35,4,144.6,578.4,Processing
2960,979,2026-01-10,376,85,2,310.05,620.1,Processing
2961,979,2026-01-10,376,73,1,474.1,474.1,Processing
2962,980,2026-02-02,266,76,2,334.46,668.92,Processing
2963,980,2026-02-02,266,34,4,146.82,587.28,Processing
2964,980,2026-02-02,266,18,1,250.54,250.54,Processing
2965,981,2025-10-22,461,56,3,295.88,887.64,Completed
2966,982,2023-04-11,12,49,3,193.89,581.67,Completed
2967,982,2023-04-11,12,8,2,291.43,582.86,Completed
2968,982,2023-04-11,12,52,4,340.83,1363.32,Completed
2969,982,2023-04-11,12,96,4,349.93,1399.72,Completed
2970,983,2025-04-02,426,7,2,480.03,960.06,Shipped
2971,984,2024-06-24,263,28,2,315.85,631.7,Completed
2972,984,2024-06-24,263,59,2,453.63,907.26,Completed
2973,984,2024-06-24,263,55,2,405.59,811.18,Completed
2974,984,2024-06-24,263,15,2,53.9,107.8,Completed
2975,984,2024-06-24,263,72,2,310.88,621.76,Completed
2976,985,2023-04-10,316,18,2,250.54,501.08,Processing
2977,986,2025-05-12,6,52,2,340.83,681.66,Completed
2978,986,2025-05-12,6,88,3,253.31,759.93,Completed
2979,987,2024-07-05,367,73,3,474.1,1422.3,Completed
2980,987,2024-07-05,367,28,3,315.85,947.55,Completed
2981,988,2025-01-24,139,69,1,114.37,114.37,Completed
2982,988,2025-01-24,139,65,1,392.05,392.05,Completed
2983,988,2025-01-24,139,10,1,140.15,140.15,Completed
2984,988,2025-01-24,139,42,1,81.98,81.98,Completed
2985,988,2025-01-24,139,32,4,244.11,976.44,Completed
2986,989,2026-02-09,368,58,3,425.26,1275.78,Completed
2987,989,2026-02-09,368,63,2,163.78,327.56,Completed
2988,989,2026-02-09,368,39,4,187.34,749.36,Completed
2989,989,2026-02-09,368,32,4,244.11,976.44,Completed
2990,989,2026-02-09,368,10,1,140.15,140.15,Completed
2991,990,2025-09-03,180,59,2,453.63,907.26,Completed
2992,990,2025-09-03,180,89,3,249.17,747.51,Completed
2993,990,2025-09-03,180,27,1,388.74,388.74,Completed
2994,991,2025-10-23,404,67,4,276.75,1107.0,Completed
2995,991,2025-10-23,404,65,1,392.05,392.05,Completed
2996,992,2025-12-01,109,33,1,62.63,62.63,Shipped
2997,992,2025-12-01,109,79,2,265.84,531.68,Shipped
2998,992,2025-12-01,109,80,2,38.87,77.74,Shipped
2999,992,2025-12-01,109,27,1,388.74,388.74,Shipped
3000,992,2025-12-01,109,84,2,153.73,307.46,Shipped
3001,993,2025-11-07,257,79,3,265.84,797.52,Shipped
3002,993,2025-11-07,257,32,4,244.11,976.44,Shipped
3003,993,2025-11-07,257,99,1,273.19,273.19,Shipped
3004,993,2025-11-07,257,55,1,405.59,405.59,Shipped
3005,994,2025-11-06,468,3,1,479.96,479.96,Completed
3006,994,2025-11-06,468,31,1,314.73,314.73,Completed
3007,994,2025-11-06,468,58,2,425.26,850.52,Completed
3008,994,2025-11-06,468,72,1,310.88,310.88,Completed
3009,994,2025-11-06,468,91,2,227.19,454.38,Completed
3010,995,2023-07-31,236,72,2,310.88,621.76,Processing
3011,996,2024-05-04,202,39,3,187.34,562.02,Shipped
3012,996,2024-05-04,202,83,1,284.61,284.61,Shipped
3013,996,2024-05-04,202,73,1,474.1,474.1,Shipped
3014,997,2023-05-05,337,3,1,479.96,479.96,Completed
3015,997,2023-05-05,337,28,3,315.85,947.55,Completed
3016,998,2025-12-20,172,32,1,244.11,244.11,Processing
3017,998,2025-12-20,172,21,4,287.87,1151.48,Processing
3018,998,2025-12-20,172,83,4,284.61,1138.44,Processing
3019,998,2025-12-20,172,27,4,388.74,1554.96,Processing
3020,998,2025-12-20,172,85,4,310.05,1240.2,Processing
3021,999,2026-02-14,366,4,2,194.26,388.52,Completed
3022,999,2026-02-14,366,44,4,21.82,87.28,Completed
3023,1000,2025-12-15,385,69,2,114.37,228.74,Completed
3024,1000,2025-12-15,385,56,2,295.88,591.76,Completed
3025,1000,2025-12-15,385,77,2,82.37,164.74,Completed
