order_item_id,order_id,product_id,quantity,price
1,1,52,2,340.83
2,2,77,3,82.37
3,2,58,2,425.26
4,2,52,2,340.83
5,2,27,3,388.74
6,3,65,1,392.05
7,3,1,2,341.27
8,3,14,1,343.34
9,4,14,2,343.34
10,4,75,2,120.94
11,4,87,3,264.83
12,4,52,3,340.83
13,5,78,3,68.42
14,5,72,4,310.88
15,5,46,2,98.83
16,5,25,2,366.6
17,6,95,2,423.64
18,6,15,3,53.9
19,6,96,3,349.93
20,6,17,2,425.88
21,6,87,2,264.83
22,7,98,4,223.42
23,7,41,2,122.45
24,7,50,2,243.34
25,7,11,3,128.21
26,7,59,2,453.63
27,8,17,3,425.88
28,8,88,2,253.31
29,8,44,4,21.82
30,9,71,2,250.35
31,9,98,4,223.42
32,9,54,3,341.99
33,10,13,4,424.42
34,10,21,3,287.87
35,10,49,4,193.89
36,11,12,1,477.56
37,11,11,3,128.21
38,12,70,1,439.46
39,12,95,4,423.64
40,12,43,2,446.64
41,13,64,2,79.12
42,13,83,1,284.61
43,13,5,4,197.87
44,13,54,4,341.99
45,13,31,3,314.73
46,14,35,4,144.6
47,14,60,2,210.31
48,14,38,2,49.02
49,14,95,3,423.64
50,14,78,3,68.42
51,15,2,3,119.71
52,15,64,4,79.12
53,15,63,4,163.78
54,15,84,4,153.73
55,16,15,1,53.9
56,16,62,1,215.7
57,16,19,2,402.89
58,16,18,2,250.54
59,17,4,1,194.26
60,17,54,4,341.99
61,17,62,1,215.7
62,17,73,4,474.1
63,17,9,4,58.75
64,18,27,4,388.74
65,18,57,2,446.72
66,18,99,4,273.19
67,18,67,1,276.75
68,18,30,3,242.62
69,19,18,2,250.54
70,19,8,1,291.43
71,20,89,4,249.17
72,20,29,2,305.3
73,20,59,1,453.63
74,20,19,4,402.89
75,21,79,1,265.84
76,21,67,1,276.75
77,21,52,2,340.83
78,22,93,2,258.69
79,23,43,1,446.64
80,24,54,1,341.99
81,24,75,4,120.94
82,24,2,2,119.71
83,25,50,3,243.34
84,25,5,1,197.87
85,25,6,3,196.57
86,25,48,3,415.18
87,25,51,3,436.43
88,26,15,2,53.9
89,26,74,2,179.75
90,26,99,1,273.19
91,27,72,1,310.88
92,27,42,3,81.98
93,27,93,2,258.69
94,27,39,2,187.34
95,27,13,3,424.42
96,28,27,3,388.74
97,28,34,4,146.82
98,29,87,4,264.83
99,29,85,1,310.05
100,30,85,1,310.05
101,30,83,2,284.61
102,30,19,3,402.89
103,31,26,1,438.17
104,32,4,1,194.26
105,33,19,4,402.89
106,33,54,3,341.99
107,33,22,1,48.79
108,33,48,1,415.18
109,33,31,3,314.73
110,34,100,1,380.07
111,34,96,3,349.93
112,34,54,4,341.99
113,34,32,1,244.11
114,34,99,3,273.19
115,35,59,3,453.63
116,35,33,2,62.63
117,35,15,2,53.9
118,35,19,4,402.89
119,36,58,3,425.26
120,36,66,3,244.34
121,36,34,2,146.82
122,36,13,2,424.42
123,37,60,4,210.31
124,38,74,1,179.75
125,38,19,3,402.89
126,38,78,1,68.42
127,38,77,4,82.37
128,39,56,1,295.88
129,39,19,4,402.89
130,39,95,3,423.64
131,40,88,4,253.31
132,40,76,2,334.46
133,41,56,1,295.88
134,41,12,2,477.56
135,41,65,1,392.05
136,41,96,1,349.93
137,41,91,4,227.19
138,42,87,2,264.83
139,42,54,3,341.99
140,43,85,3,310.05
141,43,62,2,215.7
142,43,92,4,455.46
143,43,86,1,432.01
144,43,61,1,214.17
145,44,97,3,77.73
146,44,67,4,276.75
147,45,84,4,153.73
148,45,62,4,215.7
149,45,57,3,446.72
150,46,32,2,244.11
151,46,66,1,244.34
152,47,88,1,253.31
153,47,28,4,315.85
154,47,13,3,424.42
155,48,71,1,250.35
156,48,88,3,253.31
157,48,15,4,53.9
158,48,42,4,81.98
159,48,81,1,135.75
160,49,40,3,465.16
161,50,42,3,81.98
162,50,59,4,453.63
163,50,64,3,79.12
164,50,65,1,392.05
165,51,90,1,164.21
166,51,34,4,146.82
167,51,97,1,77.73
168,51,31,2,314.73
169,52,41,2,122.45
170,52,28,1,315.85
171,52,15,4,53.9
172,53,63,1,163.78
173,53,72,3,310.88
174,53,65,4,392.05
175,53,4,2,194.26
176,54,48,1,415.18
177,55,66,4,244.34
178,55,36,4,112.6
179,55,41,1,122.45
180,55,89,1,249.17
181,55,21,1,287.87
182,56,3,1,479.96
183,56,67,2,276.75
184,56,12,3,477.56
185,56,15,4,53.9
186,57,92,1,455.46
187,57,51,3,436.43
188,57,88,3,253.31
189,57,66,4,244.34
190,58,40,2,465.16
191,59,81,4,135.75
192,59,17,2,425.88
193,59,68,3,169.52
194,59,25,4,366.6
195,59,64,3,79.12
196,60,97,2,77.73
197,60,75,2,120.94
198,61,94,2,60.39
199,62,72,3,310.88
200,62,70,1,439.46
201,62,42,3,81.98
202,62,67,4,276.75
203,62,40,2,465.16
204,63,27,4,388.74
205,63,88,4,253.31
206,63,67,3,276.75
207,63,10,4,140.15
208,63,44,2,21.82
209,64,49,1,193.89
210,64,4,1,194.26
211,65,16,3,454.47
212,65,33,4,62.63
213,65,45,1,324.19
214,66,55,3,405.59
215,67,73,4,474.1
216,68,75,2,120.94
217,68,80,4,38.87
218,68,39,2,187.34
219,68,89,2,249.17
220,68,21,3,287.87
221,69,57,2,446.72
222,69,68,1,169.52
223,69,29,2,305.3
224,69,24,2,34.73
225,69,74,3,179.75
226,70,6,1,196.57
227,70,18,2,250.54
228,70,59,1,453.63
229,71,22,3,48.79
230,71,1,2,341.27
231,71,45,1,324.19
232,71,7,4,480.03
233,71,34,1,146.82
234,72,9,4,58.75
235,72,12,4,477.56
236,72,17,3,425.88
237,73,81,3,135.75
238,73,50,1,243.34
239,73,37,1,167.33
240,73,35,2,144.6
241,74,27,1,388.74
242,74,5,4,197.87
243,74,80,3,38.87
244,74,82,1,43.63
245,74,72,1,310.88
246,75,71,3,250.35
247,75,38,4,49.02
248,75,86,1,432.01
249,76,29,4,305.3
250,76,70,3,439.46
251,77,56,4,295.88
252,77,22,3,48.79
253,77,63,3,163.78
254,77,28,2,315.85
255,77,6,2,196.57
256,78,18,3,250.54
257,78,57,4,446.72
258,79,39,1,187.34
259,80,20,1,302.33
260,80,90,3,164.21
261,80,4,3,194.26
262,80,46,4,98.83
263,81,16,2,454.47
264,81,95,3,423.64
265,81,86,4,432.01
266,81,51,2,436.43
267,82,33,3,62.63
268,82,17,1,425.88
269,83,66,2,244.34
270,84,58,1,425.26
271,85,82,3,43.63
272,85,25,3,366.6
273,85,99,2,273.19
274,85,60,3,210.31
275,86,12,3,477.56
276,86,32,2,244.11
277,86,29,2,305.3
278,87,43,3,446.64
279,88,29,2,305.3
280,89,57,2,446.72
281,89,7,2,480.03
282,90,75,4,120.94
283,90,46,3,98.83
284,90,73,1,474.1
285,91,50,4,243.34
286,91,83,3,284.61
287,91,93,3,258.69
288,91,28,4,315.85
289,92,84,3,153.73
290,92,21,1,287.87
291,93,53,1,298.35
292,93,69,2,114.37
293,93,24,3,34.73
294,94,77,1,82.37
295,95,2,2,119.71
296,95,97,1,77.73
297,95,35,3,144.6
298,95,46,3,98.83
299,96,45,1,324.19
300,96,27,1,388.74
301,96,46,4,98.83
302,97,44,3,21.82
303,97,40,3,465.16
304,97,97,1,77.73
305,97,22,1,48.79
306,98,95,2,423.64
307,98,43,4,446.64
308,98,90,3,164.21
309,98,9,2,58.75
310,98,27,2,388.74
311,99,99,1,273.19
312,99,13,1,424.42
313,99,98,4,223.42
314,100,3,4,479.96
315,100,86,4,432.01
316,100,21,4,287.87
317,101,35,2,144.6
318,101,91,3,227.19
319,101,45,1,324.19
320,102,21,2,287.87
321,102,42,1,81.98
322,102,3,1,479.96
323,102,66,1,244.34
324,102,22,2,48.79
325,103,82,2,43.63
326,103,99,1,273.19
327,103,6,2,196.57
328,103,68,1,169.52
329,103,60,2,210.31
330,104,38,4,49.02
331,104,76,3,334.46
332,104,8,2,291.43
333,104,78,1,68.42
334,105,18,1,250.54
335,105,37,1,167.33
336,105,67,1,276.75
337,105,2,3,119.71
338,105,84,3,153.73
339,106,43,4,446.64
340,106,69,4,114.37
341,106,24,1,34.73
342,107,77,3,82.37
343,107,79,3,265.84
344,107,47,2,206.98
345,107,76,4,334.46
346,107,67,2,276.75
347,108,18,2,250.54
348,108,45,3,324.19
349,108,12,4,477.56
350,109,79,1,265.84
351,109,36,3,112.6
352,109,91,4,227.19
353,109,8,4,291.43
354,110,77,3,82.37
355,110,78,2,68.42
356,111,5,2,197.87
357,112,14,1,343.34
358,112,13,3,424.42
359,112,5,1,197.87
360,112,3,3,479.96
361,113,99,3,273.19
362,113,84,2,153.73
363,114,12,4,477.56
364,114,46,2,98.83
365,115,95,3,423.64
366,115,17,3,425.88
367,115,76,1,334.46
368,115,54,2,341.99
369,115,52,1,340.83
370,116,88,3,253.31
371,116,93,2,258.69
372,117,45,1,324.19
373,117,33,2,62.63
374,117,44,1,21.82
375,117,84,4,153.73
376,118,45,3,324.19
377,119,53,3,298.35
378,119,47,1,206.98
379,119,79,3,265.84
380,119,10,3,140.15
381,119,91,4,227.19
382,120,26,1,438.17
383,121,92,1,455.46
384,121,40,4,465.16
385,122,25,1,366.6
386,122,43,2,446.64
387,122,85,1,310.05
388,122,46,3,98.83
389,122,66,4,244.34
390,123,55,1,405.59
391,123,32,4,244.11
392,123,36,4,112.6
393,124,20,1,302.33
394,124,31,4,314.73
395,125,44,4,21.82
396,125,3,3,479.96
397,126,8,2,291.43
398,126,39,3,187.34
399,126,53,3,298.35
400,126,77,4,82.37
401,126,48,3,415.18
402,127,39,1,187.34
403,127,26,2,438.17
404,128,37,1,167.33
405,128,95,1,423.64
406,128,9,3,58.75
407,129,18,1,250.54
408,129,57,1,446.72
409,129,22,4,48.79
410,130,53,3,298.35
411,131,91,2,227.19
412,131,85,2,310.05
413,131,13,4,424.42
414,131,39,1,187.34
415,131,34,1,146.82
416,132,21,4,287.87
417,132,73,4,474.1
418,133,74,2,179.75
419,133,97,3,77.73
420,133,45,3,324.19
421,133,37,4,167.33
422,134,62,2,215.7
423,134,94,3,60.39
424,134,15,2,53.9
425,134,98,4,223.42
426,135,62,2,215.7
427,135,52,4,340.83
428,135,78,4,68.42
429,136,60,3,210.31
430,136,87,1,264.83
431,136,20,2,302.33
432,137,7,3,480.03
433,137,22,4,48.79
434,138,68,4,169.52
435,138,59,3,453.63
436,139,59,2,453.63
437,139,19,2,402.89
438,139,10,3,140.15
439,139,51,4,436.43
440,139,8,2,291.43
441,140,37,4,167.33
442,140,54,4,341.99
443,141,30,4,242.62
444,141,23,4,32.52
445,141,33,2,62.63
446,141,58,3,425.26
447,141,38,2,49.02
448,142,15,4,53.9
449,142,98,4,223.42
450,142,7,3,480.03
451,143,12,4,477.56
452,143,81,3,135.75
453,143,63,1,163.78
454,143,8,4,291.43
455,143,6,2,196.57
456,144,64,3,79.12
457,144,31,4,314.73
458,144,35,3,144.6
459,144,73,1,474.1
460,145,33,4,62.63
461,145,45,1,324.19
462,145,96,3,349.93
463,146,84,3,153.73
464,146,71,2,250.35
465,146,95,1,423.64
466,146,10,1,140.15
467,147,20,1,302.33
468,147,10,2,140.15
469,147,53,2,298.35
470,147,22,3,48.79
471,148,60,3,210.31
472,148,28,1,315.85
473,149,62,4,215.7
474,149,37,2,167.33
475,149,66,1,244.34
476,150,56,4,295.88
477,150,45,3,324.19
478,150,25,2,366.6
479,150,61,4,214.17
480,151,72,2,310.88
481,151,84,2,153.73
482,151,36,4,112.6
483,151,38,1,49.02
484,152,76,1,334.46
485,152,26,2,438.17
486,152,31,3,314.73
487,152,62,2,215.7
488,152,91,4,227.19
489,153,16,1,454.47
490,153,97,1,77.73
491,154,71,4,250.35
492,154,76,4,334.46
493,154,47,1,206.98
494,154,36,3,112.6
495,154,26,1,438.17
496,155,85,3,310.05
497,155,25,3,366.6
498,156,98,4,223.42
499,156,15,2,53.9
500,156,5,2,197.87
501,156,10,3,140.15
502,157,92,3,455.46
503,157,80,2,38.87
504,157,52,3,340.83
505,157,67,1,276.75
506,157,25,4,366.6
507,158,28,2,315.85
508,158,91,1,227.19
509,159,69,1,114.37
510,160,23,3,32.52
511,160,93,1,258.69
512,160,100,2,380.07
513,161,52,3,340.83
514,161,36,4,112.6
515,161,15,4,53.9
516,161,49,4,193.89
517,162,74,4,179.75
518,162,49,1,193.89
519,162,82,4,43.63
520,163,32,2,244.11
521,163,80,1,38.87
522,163,71,4,250.35
523,163,22,2,48.79
524,163,5,3,197.87
525,164,73,4,474.1
526,164,4,2,194.26
527,164,51,4,436.43
528,164,75,3,120.94
529,165,4,1,194.26
530,166,17,3,425.88
531,166,42,3,81.98
532,166,54,2,341.99
533,166,98,4,223.42
534,167,35,2,144.6
535,167,73,2,474.1
536,167,13,4,424.42
537,168,52,1,340.83
538,168,5,4,197.87
539,168,61,3,214.17
540,168,23,1,32.52
541,168,74,4,179.75
542,169,29,3,305.3
543,169,31,2,314.73
544,170,29,3,305.3
545,170,100,1,380.07
546,170,59,3,453.63
547,171,33,1,62.63
548,171,94,1,60.39
549,172,61,1,214.17
550,172,99,2,273.19
551,173,90,1,164.21
552,174,34,3,146.82
553,174,96,2,349.93
554,175,21,4,287.87
555,175,84,4,153.73
556,175,86,3,432.01
557,176,66,4,244.34
558,176,18,3,250.54
559,176,86,3,432.01
560,176,38,4,49.02
561,177,1,1,341.27
562,178,97,4,77.73
563,179,77,1,82.37
564,179,70,4,439.46
565,180,36,2,112.6
566,180,15,4,53.9
567,180,14,2,343.34
568,181,15,1,53.9
569,181,100,1,380.07
570,181,28,4,315.85
571,181,46,3,98.83
572,181,5,1,197.87
573,182,18,3,250.54
574,182,22,4,48.79
575,182,48,3,415.18
576,183,6,1,196.57
577,184,35,1,144.6
578,184,67,3,276.75
579,185,77,4,82.37
580,185,50,1,243.34
581,185,40,1,465.16
582,185,6,2,196.57
583,186,82,2,43.63
584,187,15,2,53.9
585,187,39,2,187.34
586,187,97,2,77.73
587,188,98,1,223.42
588,188,86,3,432.01
589,188,91,4,227.19
590,189,96,4,349.93
591,189,34,2,146.82
592,189,94,1,60.39
593,189,25,4,366.6
594,189,89,4,249.17
595,190,12,1,477.56
596,190,91,3,227.19
597,190,1,4,341.27
598,190,83,2,284.61
599,191,87,2,264.83
600,191,74,4,179.75
601,191,40,1,465.16
602,191,36,4,112.6
603,191,91,1,227.19
604,192,26,3,438.17
605,192,50,4,243.34
606,192,98,4,223.42
607,192,28,4,315.85
608,193,16,2,454.47
609,193,29,2,305.3
610,194,59,3,453.63
611,194,36,3,112.6
612,194,24,2,34.73
613,194,39,4,187.34
614,194,45,4,324.19
615,195,35,2,144.6
616,195,83,2,284.61
617,195,23,2,32.52
618,195,80,2,38.87
619,195,68,4,169.52
620,196,49,3,193.89
621,196,31,4,314.73
622,196,64,2,79.12
623,196,95,1,423.64
624,196,1,1,341.27
625,197,44,1,21.82
626,197,11,3,128.21
627,197,18,1,250.54
628,198,75,4,120.94
629,198,72,2,310.88
630,198,45,2,324.19
631,198,88,4,253.31
632,198,81,1,135.75
633,199,79,3,265.84
634,200,50,1,243.34
635,200,42,3,81.98
636,200,86,3,432.01
637,201,27,2,388.74
638,201,51,4,436.43
639,201,26,1,438.17
640,201,92,1,455.46
641,201,38,1,49.02
642,202,61,1,214.17
643,202,28,3,315.85
644,202,89,4,249.17
645,202,57,1,446.72
646,203,8,2,291.43
647,203,1,2,341.27
648,203,88,1,253.31
649,203,98,1,223.42
650,203,32,1,244.11
651,204,75,3,120.94
652,204,26,3,438.17
653,204,23,2,32.52
654,204,29,1,305.3
655,205,93,2,258.69
656,205,54,4,341.99
657,205,39,4,187.34
658,205,28,2,315.85
659,205,52,3,340.83
660,206,11,3,128.21
661,207,37,2,167.33
662,208,60,2,210.31
663,209,76,3,334.46
664,209,63,3,163.78
665,209,34,4,146.82
666,210,79,4,265.84
667,210,23,4,32.52
668,210,73,4,474.1
669,211,28,3,315.85
670,211,71,2,250.35
671,211,64,4,79.12
672,211,99,3,273.19
673,212,42,4,81.98
674,212,24,3,34.73
675,213,16,2,454.47
676,213,80,2,38.87
677,213,24,1,34.73
678,213,18,3,250.54
679,213,45,4,324.19
680,214,64,1,79.12
681,215,95,3,423.64
682,215,85,3,310.05
683,216,69,3,114.37
684,217,14,4,343.34
685,217,86,1,432.01
686,217,41,2,122.45
687,217,72,3,310.88
688,217,68,3,169.52
689,218,38,1,49.02
690,218,94,1,60.39
691,219,51,3,436.43
692,219,46,1,98.83
693,220,30,4,242.62
694,220,65,1,392.05
695,221,70,1,439.46
696,221,3,3,479.96
697,221,85,2,310.05
698,221,98,3,223.42
699,222,1,3,341.27
700,222,46,4,98.83
701,223,89,3,249.17
702,223,37,2,167.33
703,223,94,1,60.39
704,224,70,3,439.46
705,225,39,2,187.34
706,225,14,2,343.34
707,226,95,2,423.64
708,226,38,2,49.02
709,226,85,3,310.05
710,226,47,4,206.98
711,227,13,1,424.42
712,227,80,1,38.87
713,228,42,4,81.98
714,228,80,1,38.87
715,229,13,1,424.42
716,229,62,3,215.7
717,229,23,3,32.52
718,229,39,1,187.34
719,229,20,1,302.33
720,230,27,3,388.74
721,230,38,4,49.02
722,230,36,1,112.6
723,230,33,1,62.63
724,231,57,1,446.72
725,232,14,4,343.34
726,233,55,2,405.59
727,233,88,1,253.31
728,234,34,3,146.82
729,234,25,2,366.6
730,235,6,3,196.57
731,235,30,2,242.62
732,235,36,4,112.6
733,235,35,1,144.6
734,236,73,2,474.1
735,236,22,2,48.79
736,236,3,4,479.96
737,236,89,3,249.17
738,237,3,1,479.96
739,237,85,2,310.05
740,238,8,1,291.43
741,238,73,3,474.1
742,238,20,3,302.33
743,239,67,4,276.75
744,240,7,4,480.03
745,240,77,2,82.37
746,241,49,3,193.89
747,242,53,4,298.35
748,243,52,1,340.83
749,244,70,2,439.46
750,244,89,4,249.17
751,245,81,2,135.75
752,246,100,3,380.07
753,246,65,4,392.05
754,246,10,1,140.15
755,247,22,1,48.79
756,248,54,3,341.99
757,249,54,1,341.99
758,249,75,2,120.94
759,249,56,3,295.88
760,249,50,2,243.34
761,249,25,4,366.6
762,250,73,1,474.1
763,250,51,3,436.43
764,250,36,1,112.6
765,250,6,2,196.57
766,251,66,2,244.34
767,252,50,4,243.34
768,252,65,2,392.05
769,252,76,4,334.46
770,252,80,4,38.87
771,252,58,4,425.26
772,253,58,3,425.26
773,253,13,4,424.42
774,253,2,1,119.71
775,253,93,4,258.69
776,254,29,1,305.3
777,254,72,2,310.88
778,255,100,2,380.07
779,256,41,4,122.45
780,256,50,3,243.34
781,256,58,4,425.26
782,257,67,3,276.75
783,257,48,1,415.18
784,258,85,4,310.05
785,259,57,3,446.72
786,259,70,3,439.46
787,259,49,1,193.89
788,259,50,4,243.34
789,259,19,4,402.89
790,260,27,4,388.74
791,260,96,2,349.93
792,260,31,1,314.73
793,260,24,3,34.73
794,261,56,2,295.88
795,261,15,4,53.9
796,261,22,4,48.79
797,261,79,3,265.84
798,262,58,2,425.26
799,262,44,1,21.82
800,263,44,2,21.82
801,263,41,2,122.45
802,263,18,4,250.54
803,263,84,3,153.73
804,263,11,4,128.21
805,264,78,2,68.42
806,264,58,3,425.26
807,264,51,2,436.43
808,264,18,1,250.54
809,265,76,4,334.46
810,266,92,3,455.46
811,266,15,4,53.9
812,266,22,3,48.79
813,266,14,3,343.34
814,266,33,2,62.63
815,267,83,2,284.61
816,267,18,2,250.54
817,267,30,3,242.62
818,268,45,1,324.19
819,268,53,1,298.35
820,268,100,4,380.07
821,268,30,2,242.62
822,268,20,4,302.33
823,269,23,3,32.52
824,269,5,1,197.87
825,269,90,1,164.21
826,269,20,1,302.33
827,269,14,4,343.34
828,270,65,3,392.05
829,271,80,4,38.87
830,271,9,2,58.75
831,271,15,4,53.9
832,271,40,1,465.16
833,271,58,1,425.26
834,272,13,3,424.42
835,272,45,2,324.19
836,272,93,1,258.69
837,272,61,2,214.17
838,273,42,4,81.98
839,273,47,3,206.98
840,273,70,3,439.46
841,273,83,4,284.61
842,273,16,4,454.47
843,274,25,4,366.6
844,275,73,3,474.1
845,276,13,3,424.42
846,276,56,3,295.88
847,276,64,3,79.12
848,276,47,1,206.98
849,277,85,1,310.05
850,277,19,4,402.89
851,277,77,3,82.37
852,277,23,4,32.52
853,277,27,4,388.74
854,278,87,1,264.83
855,278,13,2,424.42
856,278,46,4,98.83
857,278,68,4,169.52
858,279,7,3,480.03
859,279,57,3,446.72
860,279,10,2,140.15
861,280,5,1,197.87
862,280,21,4,287.87
863,280,1,4,341.27
864,281,43,1,446.64
865,281,67,3,276.75
866,281,72,4,310.88
867,281,17,3,425.88
868,282,74,4,179.75
869,283,57,4,446.72
870,283,66,3,244.34
871,284,26,2,438.17
872,284,64,3,79.12
873,285,94,2,60.39
874,285,73,2,474.1
875,285,66,4,244.34
876,286,36,1,112.6
877,286,65,1,392.05
878,286,90,3,164.21
879,287,63,1,163.78
880,287,25,4,366.6
881,287,52,4,340.83
882,288,81,3,135.75
883,289,61,3,214.17
884,289,32,3,244.11
885,290,40,4,465.16
886,290,71,2,250.35
887,290,5,2,197.87
888,290,74,4,179.75
889,291,66,2,244.34
890,291,99,2,273.19
891,292,42,3,81.98
892,292,94,3,60.39
893,293,83,1,284.61
894,293,31,4,314.73
895,293,73,2,474.1
896,293,28,1,315.85
897,294,34,4,146.82
898,294,37,4,167.33
899,294,71,4,250.35
900,294,5,4,197.87
901,294,49,2,193.89
902,295,87,2,264.83
903,296,55,2,405.59
904,296,5,2,197.87
905,296,32,4,244.11
906,297,59,3,453.63
907,297,69,3,114.37
908,297,30,4,242.62
909,297,70,4,439.46
910,297,39,1,187.34
911,298,54,2,341.99
912,298,43,4,446.64
913,298,26,1,438.17
914,299,62,1,215.7
915,300,42,1,81.98
916,300,79,1,265.84
917,301,74,1,179.75
918,301,13,2,424.42
919,301,66,2,244.34
920,301,45,4,324.19
921,301,69,4,114.37
922,302,10,4,140.15
923,302,86,1,432.01
924,302,50,4,243.34
925,302,41,2,122.45
926,302,40,3,465.16
927,303,66,4,244.34
928,303,20,3,302.33
929,303,98,2,223.42
930,304,46,1,98.83
931,305,13,2,424.42
932,306,40,3,465.16
933,306,64,3,79.12
934,306,7,3,480.03
935,307,7,4,480.03
936,307,52,3,340.83
937,307,31,3,314.73
938,307,56,2,295.88
939,307,59,4,453.63
940,308,94,4,60.39
941,308,35,4,144.6
942,308,83,2,284.61
943,309,19,1,402.89
944,309,34,2,146.82
945,309,1,2,341.27
946,309,67,1,276.75
947,310,57,4,446.72
948,310,18,4,250.54
949,310,74,1,179.75
950,310,24,1,34.73
951,310,60,2,210.31
952,311,44,2,21.82
953,311,84,1,153.73
954,311,75,2,120.94
955,311,98,4,223.42
956,311,46,4,98.83
957,312,36,2,112.6
958,312,8,4,291.43
959,312,20,2,302.33
960,312,100,3,380.07
961,312,48,4,415.18
962,313,96,1,349.93
963,313,61,3,214.17
964,313,86,4,432.01
965,313,28,4,315.85
966,313,52,1,340.83
967,314,43,3,446.64
968,314,48,2,415.18
969,314,74,4,179.75
970,314,19,3,402.89
971,315,40,2,465.16
972,316,72,3,310.88
973,316,87,4,264.83
974,316,48,3,415.18
975,316,70,4,439.46
976,317,34,2,146.82
977,317,2,2,119.71
978,317,55,1,405.59
979,317,41,4,122.45
980,318,58,1,425.26
981,319,43,4,446.64
982,319,96,2,349.93
983,320,48,4,415.18
984,320,97,1,77.73
985,320,23,1,32.52
986,320,35,2,144.6
987,321,99,2,273.19
988,321,94,3,60.39
989,321,25,4,366.6
990,321,50,2,243.34
991,321,67,3,276.75
992,322,84,3,153.73
993,323,50,4,243.34
994,323,36,1,112.6
995,324,87,4,264.83
996,324,6,1,196.57
997,324,34,2,146.82
998,324,53,1,298.35
999,325,10,4,140.15
1000,325,77,2,82.37
1001,325,5,1,197.87
1002,326,68,3,169.52
1003,326,41,4,122.45
1004,327,34,4,146.82
1005,328,7,1,480.03
1006,328,90,1,164.21
1007,328,23,2,32.52
1008,328,83,3,284.61
1009,328,3,2,479.96
1010,329,35,2,144.6
1011,330,2,4,119.71
1012,331,4,1,194.26
1013,331,68,4,169.52
1014,331,42,4,81.98
1015,331,10,1,140.15
1016,332,49,1,193.89
1017,332,20,4,302.33
1018,333,39,2,187.34
1019,333,69,2,114.37
1020,333,96,2,349.93
1021,334,8,3,291.43
1022,334,81,1,135.75
1023,334,10,4,140.15
1024,334,73,3,474.1
1025,334,39,1,187.34
1026,335,75,4,120.94
1027,335,47,3,206.98
1028,335,15,3,53.9
1029,336,61,3,214.17
1030,336,11,3,128.21
1031,337,60,4,210.31
1032,337,12,1,477.56
1033,337,53,2,298.35
1034,338,82,3,43.63
1035,339,76,1,334.46
1036,339,7,4,480.03
1037,339,22,4,48.79
1038,339,54,1,341.99
1039,339,98,4,223.42
1040,340,68,1,169.52
1041,341,77,3,82.37
1042,341,22,1,48.79
1043,341,9,4,58.75
1044,341,68,2,169.52
1045,342,97,3,77.73
1046,342,90,2,164.21
1047,342,73,4,474.1
1048,342,93,1,258.69
1049,343,52,2,340.83
1050,343,29,4,305.3
1051,343,78,1,68.42
1052,343,30,1,242.62
1053,344,10,4,140.15
1054,344,74,2,179.75
1055,345,45,1,324.19
1056,346,60,4,210.31
1057,346,5,3,197.87
1058,346,85,2,310.05
1059,347,19,3,402.89
1060,347,28,1,315.85
1061,347,13,1,424.42
1062,347,75,3,120.94
1063,348,52,4,340.83
1064,348,36,2,112.6
1065,348,20,3,302.33
1066,348,3,2,479.96
1067,348,30,3,242.62
1068,349,49,1,193.89
1069,349,63,3,163.78
1070,350,68,4,169.52
1071,350,60,4,210.31
1072,350,63,3,163.78
1073,350,48,2,415.18
1074,350,7,2,480.03
1075,351,57,1,446.72
1076,352,21,3,287.87
1077,352,86,2,432.01
1078,352,57,3,446.72
1079,352,72,3,310.88
1080,353,52,2,340.83
1081,353,73,2,474.1
1082,353,55,4,405.59
1083,353,83,3,284.61
1084,354,72,3,310.88
1085,354,76,4,334.46
1086,355,35,3,144.6
1087,355,17,4,425.88
1088,355,92,4,455.46
1089,355,73,2,474.1
1090,356,54,3,341.99
1091,356,89,3,249.17
1092,356,94,2,60.39
1093,356,1,1,341.27
1094,357,39,2,187.34
1095,358,13,4,424.42
1096,358,98,2,223.42
1097,358,6,3,196.57
1098,359,45,1,324.19
1099,359,8,3,291.43
1100,360,30,1,242.62
1101,360,1,2,341.27
1102,360,80,4,38.87
1103,361,15,3,53.9
1104,361,36,3,112.6
1105,361,69,1,114.37
1106,362,23,2,32.52
1107,362,38,2,49.02
1108,362,55,2,405.59
1109,362,73,3,474.1
1110,363,26,3,438.17
1111,364,4,4,194.26
1112,364,95,1,423.64
1113,364,32,4,244.11
1114,364,60,2,210.31
1115,365,96,4,349.93
1116,366,46,4,98.83
1117,367,95,2,423.64
1118,368,47,3,206.98
1119,368,5,4,197.87
1120,369,66,4,244.34
1121,370,84,2,153.73
1122,370,89,3,249.17
1123,370,51,2,436.43
1124,370,87,1,264.83
1125,370,82,2,43.63
1126,371,21,1,287.87
1127,371,39,3,187.34
1128,371,64,4,79.12
1129,371,100,4,380.07
1130,372,97,2,77.73
1131,372,13,4,424.42
1132,372,64,4,79.12
1133,372,74,3,179.75
1134,373,89,3,249.17
1135,373,44,4,21.82
1136,374,27,3,388.74
1137,374,6,1,196.57
1138,374,58,1,425.26
1139,374,60,4,210.31
1140,375,84,1,153.73
1141,376,55,1,405.59
1142,376,72,3,310.88
1143,376,93,1,258.69
1144,376,7,1,480.03
1145,376,22,3,48.79
1146,377,94,2,60.39
1147,377,46,4,98.83
1148,377,23,3,32.52
1149,378,6,3,196.57
1150,378,73,1,474.1
1151,379,63,1,163.78
1152,379,72,4,310.88
1153,379,59,4,453.63
1154,379,2,4,119.71
1155,379,55,1,405.59
1156,380,30,4,242.62
1157,381,33,2,62.63
1158,381,71,3,250.35
1159,381,78,4,68.42
1160,381,45,2,324.19
1161,381,60,3,210.31
1162,382,92,3,455.46
1163,382,86,4,432.01
1164,383,65,2,392.05
1165,383,6,3,196.57
1166,383,55,1,405.59
1167,383,17,4,425.88
1168,383,1,2,341.27
1169,384,92,1,455.46
1170,384,40,1,465.16
1171,384,88,2,253.31
1172,384,24,2,34.73
1173,384,15,2,53.9
1174,385,14,2,343.34
1175,385,36,4,112.6
1176,386,55,2,405.59
1177,386,3,3,479.96
1178,386,94,1,60.39
1179,386,10,2,140.15
1180,387,77,3,82.37
1181,387,47,2,206.98
1182,387,5,1,197.87
1183,388,85,2,310.05
1184,388,24,4,34.73
1185,388,75,2,120.94
1186,388,72,3,310.88
1187,389,42,1,81.98
1188,389,88,4,253.31
1189,390,80,3,38.87
1190,390,10,4,140.15
1191,391,40,2,465.16
1192,391,26,1,438.17
1193,391,88,4,253.31
1194,391,1,1,341.27
1195,391,70,2,439.46
1196,392,17,3,425.88
1197,393,75,4,120.94
1198,393,41,4,122.45
1199,393,82,2,43.63
1200,393,14,2,343.34
1201,394,49,4,193.89
1202,394,46,3,98.83
1203,394,56,1,295.88
1204,395,29,3,305.3
1205,395,71,1,250.35
1206,395,6,1,196.57
1207,395,33,4,62.63
1208,396,32,2,244.11
1209,396,48,3,415.18
1210,396,24,4,34.73
1211,397,8,1,291.43
1212,397,15,4,53.9
1213,397,1,3,341.27
1214,397,13,3,424.42
1215,398,85,2,310.05
1216,398,77,2,82.37
1217,398,32,2,244.11
1218,398,1,3,341.27
1219,398,100,1,380.07
1220,399,37,3,167.33
1221,399,83,1,284.61
1222,400,73,3,474.1
1223,400,12,3,477.56
1224,400,44,4,21.82
1225,400,2,4,119.71
1226,401,56,1,295.88
1227,402,97,3,77.73
1228,402,55,3,405.59
1229,402,56,3,295.88
1230,402,51,4,436.43
1231,403,6,1,196.57
1232,403,77,1,82.37
1233,403,10,1,140.15
1234,404,25,2,366.6
1235,404,8,3,291.43
1236,404,60,3,210.31
1237,405,84,3,153.73
1238,405,80,4,38.87
1239,405,77,4,82.37
1240,405,61,3,214.17
1241,405,18,2,250.54
1242,406,26,2,438.17
1243,406,31,4,314.73
1244,406,47,1,206.98
1245,407,33,2,62.63
1246,408,24,1,34.73
1247,408,57,3,446.72
1248,408,41,1,122.45
1249,408,1,2,341.27
1250,408,72,4,310.88
1251,409,54,2,341.99
1252,409,12,1,477.56
1253,409,90,1,164.21
1254,409,68,4,169.52
1255,409,27,2,388.74
1256,410,48,3,415.18
1257,410,98,1,223.42
1258,411,45,1,324.19
1259,411,93,3,258.69
1260,411,76,4,334.46
1261,412,72,2,310.88
1262,412,15,1,53.9
1263,412,71,4,250.35
1264,413,18,4,250.54
1265,414,56,2,295.88
1266,414,26,1,438.17
1267,414,38,4,49.02
1268,415,98,3,223.42
1269,415,68,3,169.52
1270,415,5,2,197.87
1271,415,31,3,314.73
1272,416,42,3,81.98
1273,416,67,3,276.75
1274,417,53,4,298.35
1275,417,3,1,479.96
1276,417,64,4,79.12
1277,417,47,3,206.98
1278,418,42,4,81.98
1279,418,29,1,305.3
1280,418,55,3,405.59
1281,418,41,2,122.45
1282,418,53,4,298.35
1283,419,34,3,146.82
1284,419,47,1,206.98
1285,419,7,4,480.03
1286,419,27,3,388.74
1287,420,100,2,380.07
1288,420,95,2,423.64
1289,420,17,3,425.88
1290,420,52,4,340.83
1291,420,87,3,264.83
1292,421,65,1,392.05
1293,422,93,2,258.69
1294,422,39,4,187.34
1295,422,98,1,223.42
1296,422,35,4,144.6
1297,423,3,4,479.96
1298,423,43,4,446.64
1299,423,23,2,32.52
1300,424,41,3,122.45
1301,424,79,3,265.84
1302,424,19,1,402.89
1303,425,44,1,21.82
1304,425,67,4,276.75
1305,426,16,4,454.47
1306,426,53,2,298.35
1307,426,31,4,314.73
1308,426,34,2,146.82
1309,426,56,2,295.88
1310,427,96,3,349.93
1311,428,93,3,258.69
1312,428,70,3,439.46
1313,428,23,3,32.52
1314,428,49,4,193.89
1315,429,68,2,169.52
1316,429,9,1,58.75
1317,429,42,4,81.98
1318,430,62,1,215.7
1319,430,44,4,21.82
1320,430,93,1,258.69
1321,431,20,2,302.33
1322,432,5,1,197.87
1323,432,38,1,49.02
1324,433,88,4,253.31
1325,433,75,2,120.94
1326,433,24,4,34.73
1327,433,21,3,287.87
1328,434,12,2,477.56
1329,434,42,2,81.98
1330,434,44,3,21.82
1331,434,65,1,392.05
1332,434,66,1,244.34
1333,435,26,4,438.17
1334,435,14,4,343.34
1335,436,83,2,284.61
1336,436,67,1,276.75
1337,436,7,4,480.03
1338,436,87,4,264.83
1339,437,20,4,302.33
1340,437,4,2,194.26
1341,437,97,2,77.73
1342,438,61,1,214.17
1343,438,97,2,77.73
1344,438,27,4,388.74
1345,438,20,4,302.33
1346,439,2,1,119.71
1347,439,75,2,120.94
1348,439,89,4,249.17
1349,440,97,4,77.73
1350,440,24,2,34.73
1351,440,20,3,302.33
1352,440,54,2,341.99
1353,440,90,4,164.21
1354,441,87,2,264.83
1355,441,31,4,314.73
1356,441,22,2,48.79
1357,441,100,3,380.07
1358,442,63,4,163.78
1359,442,84,3,153.73
1360,442,45,4,324.19
1361,442,83,4,284.61
1362,443,56,2,295.88
1363,443,9,1,58.75
1364,443,37,3,167.33
1365,444,2,2,119.71
1366,444,44,1,21.82
1367,444,7,1,480.03
1368,444,78,1,68.42
1369,445,57,2,446.72
1370,445,21,4,287.87
1371,446,40,2,465.16
1372,446,78,1,68.42
1373,447,77,2,82.37
1374,447,63,3,163.78
1375,447,56,4,295.88
1376,447,40,4,465.16
1377,447,72,4,310.88
1378,448,44,2,21.82
1379,449,6,2,196.57
1380,449,74,4,179.75
1381,449,21,1,287.87
1382,449,38,3,49.02
1383,450,70,4,439.46
1384,450,56,1,295.88
1385,450,30,3,242.62
1386,450,92,2,455.46
1387,450,18,1,250.54
1388,451,6,3,196.57
1389,451,53,3,298.35
1390,451,8,3,291.43
1391,451,12,3,477.56
1392,452,48,1,415.18
1393,452,42,2,81.98
1394,452,20,3,302.33
1395,452,88,3,253.31
1396,453,62,2,215.7
1397,453,38,2,49.02
1398,453,42,1,81.98
1399,453,64,4,79.12
1400,453,96,1,349.93
1401,454,25,2,366.6
1402,454,50,2,243.34
1403,454,95,2,423.64
1404,454,31,1,314.73
1405,454,4,2,194.26
1406,455,61,3,214.17
1407,455,30,1,242.62
1408,455,88,1,253.31
1409,455,41,2,122.45
1410,455,33,1,62.63
1411,456,44,1,21.82
1412,456,71,4,250.35
1413,456,80,4,38.87
1414,456,9,2,58.75
1415,457,90,2,164.21
1416,457,77,4,82.37
1417,458,94,3,60.39
1418,458,60,4,210.31
1419,458,69,3,114.37
1420,459,63,1,163.78
1421,459,13,2,424.42
1422,459,79,1,265.84
1423,459,27,2,388.74
1424,459,29,3,305.3
1425,460,27,4,388.74
1426,460,64,2,79.12
1427,460,96,4,349.93
1428,461,73,4,474.1
1429,461,81,3,135.75
1430,461,75,1,120.94
1431,461,62,1,215.7
1432,461,43,4,446.64
1433,462,42,1,81.98
1434,462,49,3,193.89
1435,462,85,3,310.05
1436,462,15,2,53.9
1437,462,57,2,446.72
1438,463,32,2,244.11
1439,463,91,4,227.19
1440,463,100,2,380.07
1441,464,65,1,392.05
1442,465,18,3,250.54
1443,465,76,3,334.46
1444,466,48,3,415.18
1445,466,57,3,446.72
1446,466,68,2,169.52
1447,466,36,4,112.6
1448,466,47,3,206.98
1449,467,67,1,276.75
1450,467,6,1,196.57
1451,467,81,1,135.75
1452,467,35,1,144.6
1453,467,63,1,163.78
1454,468,44,1,21.82
1455,469,60,2,210.31
1456,469,32,4,244.11
1457,470,7,3,480.03
1458,471,38,4,49.02
1459,471,5,3,197.87
1460,471,18,2,250.54
1461,471,12,4,477.56
1462,471,15,3,53.9
1463,472,82,1,43.63
1464,472,67,3,276.75
1465,473,26,4,438.17
1466,473,88,2,253.31
1467,474,66,3,244.34
1468,474,56,3,295.88
1469,474,52,4,340.83
1470,474,49,4,193.89
1471,474,59,1,453.63
1472,475,93,1,258.69
1473,475,36,3,112.6
1474,476,14,4,343.34
1475,476,89,4,249.17
1476,477,10,4,140.15
1477,477,32,2,244.11
1478,477,57,4,446.72
1479,477,14,1,343.34
1480,477,37,1,167.33
1481,478,26,2,438.17
1482,478,15,1,53.9
1483,478,20,4,302.33
1484,479,79,4,265.84
1485,479,17,1,425.88
1486,479,66,2,244.34
1487,480,55,4,405.59
1488,481,23,3,32.52
1489,482,27,2,388.74
1490,482,92,3,455.46
1491,483,81,4,135.75
1492,483,62,3,215.7
1493,483,20,4,302.33
1494,483,83,2,284.61
1495,484,37,1,167.33
1496,484,46,4,98.83
1497,484,43,1,446.64
1498,484,81,4,135.75
1499,485,62,3,215.7
1500,485,40,3,465.16
1501,485,71,4,250.35
1502,485,98,3,223.42
1503,486,93,3,258.69
1504,487,56,2,295.88
1505,488,96,3,349.93
1506,488,20,2,302.33
1507,488,56,1,295.88
1508,488,38,4,49.02
1509,488,76,2,334.46
1510,489,85,3,310.05
1511,489,78,2,68.42
1512,489,11,3,128.21
1513,489,28,4,315.85
1514,489,67,4,276.75
1515,490,52,4,340.83
1516,490,38,3,49.02
1517,491,22,2,48.79
1518,491,54,4,341.99
1519,492,74,4,179.75
1520,492,90,2,164.21
1521,493,39,3,187.34
1522,493,87,3,264.83
1523,493,57,2,446.72
1524,493,49,3,193.89
1525,493,83,4,284.61
1526,494,19,3,402.89
1527,494,94,4,60.39
1528,495,87,1,264.83
1529,495,5,3,197.87
1530,495,61,2,214.17
1531,495,59,4,453.63
1532,495,32,1,244.11
1533,496,27,4,388.74
1534,496,42,3,81.98
1535,496,53,3,298.35
1536,496,35,4,144.6
1537,497,20,3,302.33
1538,498,65,4,392.05
1539,498,86,3,432.01
1540,499,1,3,341.27
1541,499,12,4,477.56
1542,499,91,4,227.19
1543,499,72,2,310.88
1544,499,64,4,79.12
1545,500,39,4,187.34
1546,501,91,2,227.19
1547,501,39,1,187.34
1548,501,32,2,244.11
1549,502,29,1,305.3
1550,502,11,4,128.21
1551,502,100,1,380.07
1552,502,78,1,68.42
1553,503,12,4,477.56
1554,503,69,4,114.37
1555,503,9,4,58.75
1556,503,33,1,62.63
1557,503,20,3,302.33
1558,504,29,3,305.3
1559,504,19,3,402.89
1560,505,36,3,112.6
1561,505,30,2,242.62
1562,505,53,2,298.35
1563,505,18,1,250.54
1564,506,24,1,34.73
1565,506,21,2,287.87
1566,506,77,4,82.37
1567,506,88,1,253.31
1568,506,67,4,276.75
1569,507,19,4,402.89
1570,507,57,1,446.72
1571,507,41,1,122.45
1572,507,72,4,310.88
1573,508,53,3,298.35
1574,509,46,3,98.83
1575,509,14,3,343.34
1576,509,35,2,144.6
1577,510,93,1,258.69
1578,510,83,3,284.61
1579,510,25,2,366.6
1580,510,41,4,122.45
1581,511,62,3,215.7
1582,511,32,1,244.11
1583,511,67,2,276.75
1584,511,2,4,119.71
1585,511,49,4,193.89
1586,512,49,3,193.89
1587,512,87,4,264.83
1588,513,13,4,424.42
1589,514,57,1,446.72
1590,514,9,2,58.75
1591,514,81,4,135.75
1592,514,75,4,120.94
1593,514,34,3,146.82
1594,515,39,1,187.34
1595,515,94,2,60.39
1596,515,6,4,196.57
1597,516,19,2,402.89
1598,516,77,2,82.37
1599,516,18,1,250.54
1600,517,50,3,243.34
1601,517,44,2,21.82
1602,517,58,1,425.26
1603,517,76,1,334.46
1604,518,15,3,53.9
1605,518,52,4,340.83
1606,518,98,1,223.42
1607,518,35,4,144.6
1608,519,56,3,295.88
1609,519,35,3,144.6
1610,519,47,4,206.98
1611,519,44,1,21.82
1612,519,87,1,264.83
1613,520,36,4,112.6
1614,521,85,3,310.05
1615,521,91,2,227.19
1616,521,76,3,334.46
1617,522,27,4,388.74
1618,522,1,3,341.27
1619,522,62,1,215.7
1620,523,32,1,244.11
1621,523,39,2,187.34
1622,523,75,3,120.94
1623,523,67,1,276.75
1624,523,95,4,423.64
1625,524,62,4,215.7
1626,524,50,2,243.34
1627,524,22,3,48.79
1628,524,45,2,324.19
1629,525,87,3,264.83
1630,525,51,2,436.43
1631,525,24,2,34.73
1632,526,63,3,163.78
1633,526,9,3,58.75
1634,526,44,4,21.82
1635,527,46,4,98.83
1636,527,40,4,465.16
1637,527,83,2,284.61
1638,527,82,2,43.63
1639,527,27,4,388.74
1640,528,12,1,477.56
1641,528,25,3,366.6
1642,528,69,4,114.37
1643,528,84,3,153.73
1644,529,35,4,144.6
1645,529,14,3,343.34
1646,529,13,3,424.42
1647,529,45,4,324.19
1648,530,82,2,43.63
1649,530,45,1,324.19
1650,530,34,4,146.82
1651,531,20,4,302.33
1652,531,12,2,477.56
1653,532,61,2,214.17
1654,533,66,4,244.34
1655,534,49,2,193.89
1656,534,79,1,265.84
1657,535,25,1,366.6
1658,535,68,1,169.52
1659,536,85,1,310.05
1660,536,16,2,454.47
1661,537,19,2,402.89
1662,537,34,3,146.82
1663,537,44,2,21.82
1664,537,55,2,405.59
1665,537,54,2,341.99
1666,538,39,4,187.34
1667,539,50,2,243.34
1668,539,82,4,43.63
1669,539,30,2,242.62
1670,539,9,3,58.75
1671,540,46,2,98.83
1672,541,67,2,276.75
1673,541,54,4,341.99
1674,541,77,1,82.37
1675,541,72,1,310.88
1676,541,29,4,305.3
1677,542,80,2,38.87
1678,542,21,2,287.87
1679,542,68,3,169.52
1680,542,23,4,32.52
1681,543,95,3,423.64
1682,543,47,2,206.98
1683,543,92,3,455.46
1684,544,3,4,479.96
1685,544,32,3,244.11
1686,544,75,4,120.94
1687,544,58,3,425.26
1688,545,26,1,438.17
1689,545,62,4,215.7
1690,545,57,2,446.72
1691,546,92,4,455.46
1692,546,58,3,425.26
1693,547,60,1,210.31
1694,547,88,1,253.31
1695,547,17,1,425.88
1696,547,10,4,140.15
1697,548,8,1,291.43
1698,548,87,4,264.83
1699,548,97,3,77.73
1700,548,37,4,167.33
1701,548,2,4,119.71
1702,549,56,4,295.88
1703,550,86,4,432.01
1704,550,18,4,250.54
1705,551,33,1,62.63
1706,552,47,4,206.98
1707,552,26,2,438.17
1708,552,32,3,244.11
1709,552,69,1,114.37
1710,552,39,3,187.34
1711,553,93,3,258.69
1712,553,81,3,135.75
1713,554,65,4,392.05
1714,554,60,4,210.31
1715,554,68,4,169.52
1716,555,97,4,77.73
1717,555,5,2,197.87
1718,555,69,2,114.37
1719,555,41,2,122.45
1720,555,28,2,315.85
1721,556,78,2,68.42
1722,556,36,4,112.6
1723,557,37,2,167.33
1724,557,46,1,98.83
1725,557,34,2,146.82
1726,557,35,2,144.6
1727,558,86,2,432.01
1728,558,11,3,128.21
1729,558,93,3,258.69
1730,559,3,1,479.96
1731,559,44,2,21.82
1732,560,51,4,436.43
1733,560,82,4,43.63
1734,560,4,2,194.26
1735,560,88,3,253.31
1736,561,80,2,38.87
1737,561,56,4,295.88
1738,562,60,2,210.31
1739,562,16,2,454.47
1740,562,81,1,135.75
1741,562,49,2,193.89
1742,562,22,1,48.79
1743,563,24,3,34.73
1744,563,51,3,436.43
1745,563,80,2,38.87
1746,564,85,1,310.05
1747,564,15,4,53.9
1748,565,32,4,244.11
1749,566,60,1,210.31
1750,566,29,3,305.3
1751,567,65,3,392.05
1752,567,2,2,119.71
1753,568,81,1,135.75
1754,568,65,1,392.05
1755,568,52,3,340.83
1756,568,58,1,425.26
1757,569,42,2,81.98
1758,569,46,3,98.83
1759,569,30,1,242.62
1760,569,99,1,273.19
1761,570,25,3,366.6
1762,571,81,3,135.75
1763,571,51,4,436.43
1764,571,80,2,38.87
1765,571,23,4,32.52
1766,571,27,2,388.74
1767,572,39,2,187.34
1768,572,97,3,77.73
1769,572,69,2,114.37
1770,573,45,4,324.19
1771,573,68,4,169.52
1772,573,56,3,295.88
1773,573,60,1,210.31
1774,573,77,4,82.37
1775,574,83,4,284.61
1776,574,66,1,244.34
1777,575,90,3,164.21
1778,575,6,2,196.57
1779,575,95,2,423.64
1780,575,29,3,305.3
1781,575,16,2,454.47
1782,576,55,3,405.59
1783,576,78,1,68.42
1784,576,39,3,187.34
1785,577,34,1,146.82
1786,577,2,1,119.71
1787,577,20,4,302.33
1788,578,8,2,291.43
1789,578,31,4,314.73
1790,578,81,1,135.75
1791,579,36,1,112.6
1792,579,41,4,122.45
1793,579,33,2,62.63
1794,579,89,3,249.17
1795,579,1,1,341.27
1796,580,95,4,423.64
1797,580,67,4,276.75
1798,580,17,4,425.88
1799,580,31,1,314.73
1800,580,5,2,197.87
1801,581,13,1,424.42
1802,581,75,2,120.94
1803,581,54,2,341.99
1804,582,41,4,122.45
1805,582,64,1,79.12
1806,582,60,1,210.31
1807,582,20,3,302.33
1808,583,49,3,193.89
1809,583,15,4,53.9
1810,583,40,1,465.16
1811,584,57,1,446.72
1812,585,32,1,244.11
1813,585,80,4,38.87
1814,586,8,2,291.43
1815,586,20,1,302.33
1816,586,73,1,474.1
1817,587,37,3,167.33
1818,587,28,3,315.85
1819,588,1,3,341.27
1820,589,67,4,276.75
1821,589,70,4,439.46
1822,590,75,4,120.94
1823,591,99,1,273.19
1824,592,80,4,38.87
1825,592,92,1,455.46
1826,592,32,1,244.11
1827,592,22,2,48.79
1828,593,80,4,38.87
1829,594,74,3,179.75
1830,594,92,1,455.46
1831,594,42,3,81.98
1832,594,46,4,98.83
1833,594,22,3,48.79
1834,595,54,4,341.99
1835,595,30,3,242.62
1836,595,48,1,415.18
1837,596,59,4,453.63
1838,597,40,2,465.16
1839,597,63,4,163.78
1840,597,31,1,314.73
1841,598,93,3,258.69
1842,598,56,1,295.88
1843,598,27,4,388.74
1844,598,70,1,439.46
1845,598,42,3,81.98
1846,599,78,2,68.42
1847,599,74,2,179.75
1848,599,68,4,169.52
1849,600,93,2,258.69
1850,600,99,4,273.19
1851,600,67,3,276.75
1852,600,100,4,380.07
1853,600,23,4,32.52
1854,601,3,2,479.96
1855,601,50,2,243.34
1856,601,97,1,77.73
1857,602,41,4,122.45
1858,602,62,3,215.7
1859,602,1,1,341.27
1860,602,29,1,305.3
1861,603,40,2,465.16
1862,603,20,2,302.33
1863,603,39,4,187.34
1864,604,11,1,128.21
1865,604,51,1,436.43
1866,605,78,4,68.42
1867,606,32,3,244.11
1868,606,96,3,349.93
1869,606,97,4,77.73
1870,606,46,4,98.83
1871,607,62,1,215.7
1872,608,29,3,305.3
1873,609,16,4,454.47
1874,609,9,1,58.75
1875,609,33,3,62.63
1876,610,51,3,436.43
1877,610,98,4,223.42
1878,611,22,3,48.79
1879,611,28,3,315.85
1880,611,63,3,163.78
1881,611,47,1,206.98
1882,611,56,1,295.88
1883,612,62,4,215.7
1884,612,58,3,425.26
1885,612,73,4,474.1
1886,612,26,2,438.17
1887,613,18,2,250.54
1888,613,98,1,223.42
1889,614,19,3,402.89
1890,614,12,3,477.56
1891,615,9,2,58.75
1892,615,12,4,477.56
1893,615,2,2,119.71
1894,615,34,2,146.82
1895,616,31,2,314.73
1896,617,62,3,215.7
1897,617,5,1,197.87
1898,617,37,1,167.33
1899,617,86,4,432.01
1900,618,50,1,243.34
1901,618,35,3,144.6
1902,618,14,2,343.34
1903,619,50,1,243.34
1904,620,12,3,477.56
1905,620,19,2,402.89
1906,620,60,2,210.31
1907,621,5,3,197.87
1908,621,50,4,243.34
1909,621,24,1,34.73
1910,621,59,1,453.63
1911,621,68,4,169.52
1912,622,37,3,167.33
1913,622,7,2,480.03
1914,622,45,1,324.19
1915,622,100,2,380.07
1916,623,84,4,153.73
1917,623,6,4,196.57
1918,623,99,3,273.19
1919,623,46,2,98.83
1920,623,100,4,380.07
1921,624,95,2,423.64
1922,624,11,3,128.21
1923,624,40,1,465.16
1924,624,63,3,163.78
1925,624,43,4,446.64
1926,625,54,1,341.99
1927,626,27,1,388.74
1928,626,8,3,291.43
1929,626,4,1,194.26
1930,626,80,4,38.87
1931,627,16,1,454.47
1932,627,92,2,455.46
1933,627,49,1,193.89
1934,628,25,4,366.6
1935,629,29,4,305.3
1936,629,67,4,276.75
1937,629,31,2,314.73
1938,629,48,2,415.18
1939,629,83,4,284.61
1940,630,74,3,179.75
1941,630,57,4,446.72
1942,630,45,2,324.19
1943,631,59,3,453.63
1944,631,53,2,298.35
1945,631,50,3,243.34
1946,631,63,1,163.78
1947,631,57,4,446.72
1948,632,46,4,98.83
1949,633,84,2,153.73
1950,633,75,4,120.94
1951,634,83,2,284.61
1952,634,8,1,291.43
1953,634,7,1,480.03
1954,635,47,1,206.98
1955,635,79,1,265.84
1956,636,37,4,167.33
1957,636,82,2,43.63
1958,636,38,3,49.02
1959,637,93,2,258.69
1960,637,61,3,214.17
1961,637,50,2,243.34
1962,637,72,2,310.88
1963,638,91,4,227.19
1964,638,70,1,439.46
1965,639,12,1,477.56
1966,639,3,4,479.96
1967,639,60,1,210.31
1968,639,22,2,48.79
1969,639,90,3,164.21
1970,640,60,1,210.31
1971,640,13,4,424.42
1972,640,54,4,341.99
1973,640,38,3,49.02
1974,641,75,1,120.94
1975,641,100,1,380.07
1976,642,2,4,119.71
1977,642,37,4,167.33
1978,642,15,2,53.9
1979,642,72,4,310.88
1980,642,70,2,439.46
1981,643,92,4,455.46
1982,643,23,3,32.52
1983,643,44,4,21.82
1984,644,24,3,34.73
1985,645,2,4,119.71
1986,645,75,3,120.94
1987,645,97,3,77.73
1988,646,52,3,340.83
1989,646,8,4,291.43
1990,647,43,3,446.64
1991,647,31,3,314.73
1992,647,65,2,392.05
1993,647,74,3,179.75
1994,648,1,3,341.27
1995,649,30,4,242.62
1996,649,62,2,215.7
1997,650,90,2,164.21
1998,650,43,1,446.64
1999,650,73,4,474.1
2000,650,48,3,415.18
2001,650,97,3,77.73
2002,651,76,4,334.46
2003,651,63,1,163.78
2004,651,87,3,264.83
2005,652,100,3,380.07
2006,652,79,4,265.84
2007,652,94,3,60.39
2008,652,98,3,223.42
2009,652,75,2,120.94
2010,653,98,2,223.42
2011,653,58,3,425.26
2012,654,98,3,223.42
2013,654,2,2,119.71
2014,655,10,4,140.15
2015,656,39,1,187.34
2016,656,58,1,425.26
2017,656,7,4,480.03
2018,656,27,3,388.74
2019,656,16,2,454.47
2020,657,78,2,68.42
2021,658,22,3,48.79
2022,658,72,3,310.88
2023,659,68,1,169.52
2024,659,71,1,250.35
2025,659,53,4,298.35
2026,659,11,4,128.21
2027,659,100,4,380.07
2028,660,95,3,423.64
2029,661,16,3,454.47
2030,661,5,3,197.87
2031,661,53,4,298.35
2032,661,4,3,194.26
2033,662,18,3,250.54
2034,662,45,3,324.19
2035,663,17,3,425.88
2036,663,49,2,193.89
2037,663,56,4,295.88
2038,663,25,2,366.6
2039,664,86,2,432.01
2040,664,99,4,273.19
2041,665,51,1,436.43
2042,665,39,4,187.34
2043,665,9,4,58.75
2044,665,97,3,77.73
2045,666,16,1,454.47
2046,667,47,4,206.98
2047,667,70,2,439.46
2048,667,77,4,82.37
2049,668,28,4,315.85
2050,668,81,2,135.75
2051,668,55,1,405.59
2052,668,49,3,193.89
2053,669,19,4,402.89
2054,670,5,1,197.87
2055,670,10,1,140.15
2056,670,58,2,425.26
2057,670,96,4,349.93
2058,671,24,4,34.73
2059,671,27,2,388.74
2060,671,7,1,480.03
2061,671,23,2,32.52
2062,671,66,2,244.34
2063,672,57,4,446.72
2064,672,94,3,60.39
2065,673,43,3,446.64
2066,673,4,3,194.26
2067,673,59,1,453.63
2068,673,48,3,415.18
2069,674,91,2,227.19
2070,674,22,4,48.79
2071,675,51,4,436.43
2072,675,4,2,194.26
2073,675,44,4,21.82
2074,676,43,1,446.64
2075,676,8,2,291.43
2076,676,41,3,122.45
2077,676,28,3,315.85
2078,677,17,3,425.88
2079,677,81,3,135.75
2080,678,9,4,58.75
2081,678,52,4,340.83
2082,678,18,3,250.54
2083,678,39,2,187.34
2084,679,78,4,68.42
2085,679,71,1,250.35
2086,679,97,2,77.73
2087,679,82,1,43.63
2088,679,93,4,258.69
2089,680,66,3,244.34
2090,680,47,2,206.98
2091,680,22,1,48.79
2092,680,64,2,79.12
2093,680,69,2,114.37
2094,681,65,4,392.05
2095,681,53,2,298.35
2096,681,88,3,253.31
2097,681,58,4,425.26
2098,681,79,1,265.84
2099,682,75,3,120.94
2100,682,80,2,38.87
2101,682,95,3,423.64
2102,682,7,1,480.03
2103,683,78,1,68.42
2104,683,10,3,140.15
2105,684,19,3,402.89
2106,684,3,3,479.96
2107,685,2,4,119.71
2108,685,47,1,206.98
2109,685,81,3,135.75
2110,685,10,2,140.15
2111,685,20,1,302.33
2112,686,22,1,48.79
2113,686,43,4,446.64
2114,686,32,3,244.11
2115,686,45,2,324.19
2116,687,86,4,432.01
2117,687,91,3,227.19
2118,688,53,4,298.35
2119,688,64,3,79.12
2120,689,85,4,310.05
2121,689,53,2,298.35
2122,689,87,1,264.83
2123,690,79,2,265.84
2124,690,23,2,32.52
2125,690,38,3,49.02
2126,691,92,3,455.46
2127,691,60,3,210.31
2128,691,9,1,58.75
2129,691,23,1,32.52
2130,691,39,4,187.34
2131,692,30,1,242.62
2132,692,31,4,314.73
2133,692,26,1,438.17
2134,693,90,3,164.21
2135,693,31,2,314.73
2136,693,32,3,244.11
2137,694,6,3,196.57
2138,695,81,3,135.75
2139,696,49,3,193.89
2140,696,46,2,98.83
2141,696,16,4,454.47
2142,696,22,4,48.79
2143,697,80,4,38.87
2144,697,13,3,424.42
2145,697,87,4,264.83
2146,697,94,1,60.39
2147,697,55,1,405.59
2148,698,88,3,253.31
2149,698,72,2,310.88
2150,698,18,3,250.54
2151,699,79,3,265.84
2152,699,17,4,425.88
2153,700,72,3,310.88
2154,700,70,2,439.46
2155,700,3,1,479.96
2156,700,53,4,298.35
2157,700,92,4,455.46
2158,701,10,4,140.15
2159,701,15,4,53.9
2160,701,47,3,206.98
2161,702,45,2,324.19
2162,702,69,4,114.37
2163,702,55,1,405.59
2164,702,100,3,380.07
2165,702,39,1,187.34
2166,703,53,3,298.35
2167,703,11,2,128.21
2168,703,29,3,305.3
2169,703,72,3,310.88
2170,704,2,3,119.71
2171,705,38,3,49.02
2172,705,26,3,438.17
2173,705,58,2,425.26
2174,705,100,4,380.07
2175,706,4,2,194.26
2176,706,93,2,258.69
2177,706,6,4,196.57
2178,706,92,1,455.46
2179,706,89,2,249.17
2180,707,89,2,249.17
2181,707,99,2,273.19
2182,708,23,3,32.52
2183,709,5,2,197.87
2184,710,17,2,425.88
2185,710,86,4,432.01
2186,710,27,1,388.74
2187,710,99,2,273.19
2188,710,64,3,79.12
2189,711,68,1,169.52
2190,711,32,1,244.11
2191,711,11,4,128.21
2192,711,34,3,146.82
2193,711,63,3,163.78
2194,712,79,1,265.84
2195,712,77,4,82.37
2196,712,90,4,164.21
2197,712,88,2,253.31
2198,713,85,4,310.05
2199,714,27,4,388.74
2200,714,64,3,79.12
2201,714,45,3,324.19
2202,715,71,3,250.35
2203,715,30,4,242.62
2204,715,6,1,196.57
2205,715,20,4,302.33
2206,716,94,2,60.39
2207,716,5,1,197.87
2208,716,32,3,244.11
2209,717,63,3,163.78
2210,718,47,4,206.98
2211,718,84,4,153.73
2212,718,67,1,276.75
2213,718,83,2,284.61
2214,719,5,3,197.87
2215,719,74,4,179.75
2216,719,82,4,43.63
2217,719,47,2,206.98
2218,720,1,2,341.27
2219,721,98,3,223.42
2220,721,41,3,122.45
2221,721,74,4,179.75
2222,722,70,1,439.46
2223,722,15,3,53.9
2224,722,32,3,244.11
2225,722,99,2,273.19
2226,723,81,4,135.75
2227,723,74,4,179.75
2228,723,56,3,295.88
2229,723,29,3,305.3
2230,724,70,1,439.46
2231,725,95,1,423.64
2232,726,30,4,242.62
2233,726,9,2,58.75
2234,726,45,2,324.19
2235,727,43,2,446.64
2236,728,7,4,480.03
2237,728,90,1,164.21
2238,728,9,1,58.75
2239,728,15,1,53.9
2240,729,26,2,438.17
2241,729,63,4,163.78
2242,729,68,2,169.52
2243,730,72,1,310.88
2244,730,39,4,187.34
2245,730,6,4,196.57
2246,730,65,4,392.05
2247,730,76,2,334.46
2248,731,19,4,402.89
2249,731,11,3,128.21
2250,731,85,4,310.05
2251,732,81,2,135.75
2252,732,53,3,298.35
2253,732,44,1,21.82
2254,733,25,2,366.6
2255,733,76,1,334.46
2256,733,81,4,135.75
2257,734,56,3,295.88
2258,735,59,3,453.63
2259,735,2,2,119.71
2260,736,53,1,298.35
2261,736,10,1,140.15
2262,736,18,1,250.54
2263,736,2,3,119.71
2264,737,5,2,197.87
2265,737,95,1,423.64
2266,738,20,3,302.33
2267,738,52,1,340.83
2268,738,51,2,436.43
2269,738,11,4,128.21
2270,738,93,1,258.69
2271,739,52,3,340.83
2272,739,72,2,310.88
2273,740,74,1,179.75
2274,740,21,1,287.87
2275,740,34,2,146.82
2276,741,47,1,206.98
2277,742,14,1,343.34
2278,742,3,2,479.96
2279,742,53,4,298.35
2280,742,84,3,153.73
2281,742,70,2,439.46
2282,743,33,2,62.63
2283,743,12,4,477.56
2284,743,77,3,82.37
2285,743,64,1,79.12
2286,744,49,1,193.89
2287,744,22,4,48.79
2288,745,99,1,273.19
2289,745,31,2,314.73
2290,746,13,1,424.42
2291,746,55,3,405.59
2292,747,53,4,298.35
2293,747,10,2,140.15
2294,748,59,3,453.63
2295,748,12,4,477.56
2296,749,71,4,250.35
2297,749,87,2,264.83
2298,749,18,3,250.54
2299,749,55,4,405.59
2300,749,58,4,425.26
2301,750,4,1,194.26
2302,750,35,4,144.6
2303,750,19,2,402.89
2304,750,80,3,38.87
2305,751,5,1,197.87
2306,751,3,1,479.96
2307,751,82,1,43.63
2308,752,36,4,112.6
2309,752,87,2,264.83
2310,753,33,2,62.63
2311,753,89,2,249.17
2312,753,47,1,206.98
2313,753,94,1,60.39
2314,754,31,3,314.73
2315,754,92,2,455.46
2316,754,99,3,273.19
2317,755,60,3,210.31
2318,755,53,2,298.35
2319,755,10,3,140.15
2320,755,55,4,405.59
2321,756,92,3,455.46
2322,756,29,4,305.3
2323,756,11,3,128.21
2324,756,23,2,32.52
2325,756,87,1,264.83
2326,757,38,3,49.02
2327,757,35,4,144.6
2328,757,2,2,119.71
2329,758,8,3,291.43
2330,758,4,2,194.26
2331,758,49,4,193.89
2332,759,5,2,197.87
2333,760,6,3,196.57
2334,760,11,1,128.21
2335,760,49,2,193.89
2336,761,27,2,388.74
2337,762,95,3,423.64
2338,762,75,3,120.94
2339,762,69,2,114.37
2340,762,73,1,474.1
2341,763,79,2,265.84
2342,764,7,1,480.03
2343,764,38,3,49.02
2344,764,75,3,120.94
2345,765,17,1,425.88
2346,766,37,2,167.33
2347,766,34,2,146.82
2348,766,11,3,128.21
2349,766,48,1,415.18
2350,767,72,4,310.88
2351,767,3,3,479.96
2352,767,10,1,140.15
2353,767,37,1,167.33
2354,767,55,4,405.59
2355,768,70,1,439.46
2356,769,85,2,310.05
2357,769,21,4,287.87
2358,769,58,4,425.26
2359,770,88,4,253.31
2360,770,81,3,135.75
2361,770,78,4,68.42
2362,771,53,1,298.35
2363,771,6,4,196.57
2364,772,14,2,343.34
2365,772,96,3,349.93
2366,772,13,4,424.42
2367,772,61,4,214.17
2368,772,84,2,153.73
2369,773,17,3,425.88
2370,773,87,2,264.83
2371,774,88,3,253.31
2372,774,87,4,264.83
2373,774,74,3,179.75
2374,774,67,4,276.75
2375,774,42,4,81.98
2376,775,20,2,302.33
2377,775,67,1,276.75
2378,776,37,1,167.33
2379,777,33,2,62.63
2380,777,23,2,32.52
2381,777,9,1,58.75
2382,778,82,4,43.63
2383,778,61,3,214.17
2384,778,94,2,60.39
2385,779,99,1,273.19
2386,779,70,4,439.46
2387,779,96,1,349.93
2388,780,85,2,310.05
2389,780,81,1,135.75
2390,780,9,1,58.75
2391,780,86,1,432.01
2392,780,58,1,425.26
2393,781,71,4,250.35
2394,781,7,1,480.03
2395,782,92,1,455.46
2396,782,83,1,284.61
2397,783,33,4,62.63
2398,784,22,4,48.79
2399,784,41,2,122.45
2400,784,94,1,60.39
2401,785,51,1,436.43
2402,785,52,1,340.83
2403,786,90,2,164.21
2404,786,51,1,436.43
2405,786,52,2,340.83
2406,787,37,4,167.33
2407,787,47,3,206.98
2408,787,29,1,305.3
2409,787,70,4,439.46
2410,788,87,2,264.83
2411,788,26,4,438.17
2412,788,95,1,423.64
2413,788,77,2,82.37
2414,788,48,3,415.18
2415,789,70,3,439.46
2416,789,94,3,60.39
2417,789,17,1,425.88
2418,790,49,3,193.89
2419,790,31,4,314.73
2420,790,81,2,135.75
2421,791,96,1,349.93
2422,791,13,2,424.42
2423,791,3,1,479.96
2424,791,27,3,388.74
2425,792,100,3,380.07
2426,792,73,1,474.1
2427,792,58,2,425.26
2428,792,29,2,305.3
2429,792,32,3,244.11
2430,793,75,4,120.94
2431,794,69,3,114.37
2432,794,19,4,402.89
2433,794,30,4,242.62
2434,794,31,3,314.73
2435,794,89,1,249.17
2436,795,73,3,474.1
2437,795,41,3,122.45
2438,795,4,1,194.26
2439,795,9,4,58.75
2440,795,13,1,424.42
2441,796,90,3,164.21
2442,796,6,4,196.57
2443,796,16,3,454.47
2444,796,97,3,77.73
2445,796,62,4,215.7
2446,797,3,2,479.96
2447,798,8,4,291.43
2448,799,84,3,153.73
2449,799,5,3,197.87
2450,799,95,4,423.64
2451,800,84,2,153.73
2452,800,99,2,273.19
2453,800,91,4,227.19
2454,800,14,1,343.34
2455,800,76,2,334.46
2456,801,67,2,276.75
2457,801,31,3,314.73
2458,801,46,3,98.83
2459,801,29,4,305.3
2460,801,65,4,392.05
2461,802,24,1,34.73
2462,802,20,1,302.33
2463,802,18,2,250.54
2464,802,2,1,119.71
2465,802,51,1,436.43
2466,803,8,2,291.43
2467,804,87,1,264.83
2468,804,64,2,79.12
2469,804,25,3,366.6
2470,804,42,3,81.98
2471,804,5,4,197.87
2472,805,42,3,81.98
2473,806,48,3,415.18
2474,807,52,3,340.83
2475,807,92,4,455.46
2476,807,13,2,424.42
2477,807,82,3,43.63
2478,808,32,2,244.11
2479,808,54,4,341.99
2480,808,62,2,215.7
2481,808,36,3,112.6
2482,809,57,2,446.72
2483,809,68,4,169.52
2484,809,43,2,446.64
2485,810,48,2,415.18
2486,810,37,3,167.33
2487,811,74,2,179.75
2488,811,56,3,295.88
2489,812,27,2,388.74
2490,812,14,2,343.34
2491,812,55,3,405.59
2492,813,86,4,432.01
2493,814,65,2,392.05
2494,814,52,4,340.83
2495,814,37,1,167.33
2496,814,15,1,53.9
2497,814,53,2,298.35
2498,815,48,1,415.18
2499,816,86,4,432.01
2500,816,92,1,455.46
2501,816,56,2,295.88
2502,816,50,1,243.34
2503,817,29,4,305.3
2504,818,12,1,477.56
2505,818,93,3,258.69
2506,818,54,2,341.99
2507,818,24,2,34.73
2508,819,29,4,305.3
2509,819,37,1,167.33
2510,819,74,4,179.75
2511,819,75,2,120.94
2512,820,29,2,305.3
2513,820,78,4,68.42
2514,821,23,3,32.52
2515,821,85,4,310.05
2516,821,1,4,341.27
2517,822,24,1,34.73
2518,822,44,2,21.82
2519,822,74,2,179.75
2520,822,49,3,193.89
2521,822,50,3,243.34
2522,823,15,1,53.9
2523,823,100,1,380.07
2524,824,47,1,206.98
2525,824,21,1,287.87
2526,825,29,1,305.3
2527,825,45,1,324.19
2528,825,92,3,455.46
2529,825,65,4,392.05
2530,826,26,1,438.17
2531,826,25,3,366.6
2532,826,40,2,465.16
2533,826,67,1,276.75
2534,827,69,1,114.37
2535,828,28,3,315.85
2536,829,50,4,243.34
2537,829,86,1,432.01
2538,829,45,4,324.19
2539,829,96,4,349.93
2540,829,80,4,38.87
2541,830,49,2,193.89
2542,830,50,2,243.34
2543,831,47,4,206.98
2544,831,49,4,193.89
2545,831,38,4,49.02
2546,831,79,1,265.84
2547,832,64,1,79.12
2548,833,78,4,68.42
2549,833,15,2,53.9
2550,833,64,1,79.12
2551,834,88,3,253.31
2552,835,7,3,480.03
2553,836,69,4,114.37
2554,837,44,1,21.82
2555,837,43,4,446.64
2556,837,69,1,114.37
2557,837,12,1,477.56
2558,838,95,2,423.64
2559,838,91,1,227.19
2560,838,57,4,446.72
2561,838,50,2,243.34
2562,839,26,1,438.17
2563,839,33,3,62.63
2564,839,39,1,187.34
2565,839,2,3,119.71
2566,840,34,1,146.82
2567,841,67,4,276.75
2568,841,84,3,153.73
2569,841,27,2,388.74
2570,842,94,1,60.39
2571,843,6,4,196.57
2572,844,17,2,425.88
2573,844,74,3,179.75
2574,844,20,2,302.33
2575,844,88,1,253.31
2576,845,7,3,480.03
2577,846,25,1,366.6
2578,846,8,2,291.43
2579,846,77,1,82.37
2580,846,5,4,197.87
2581,846,13,4,424.42
2582,847,86,2,432.01
2583,847,69,2,114.37
2584,848,35,2,144.6
2585,848,70,2,439.46
2586,848,73,4,474.1
2587,848,87,1,264.83
2588,849,61,2,214.17
2589,849,17,2,425.88
2590,849,98,4,223.42
2591,850,8,4,291.43
2592,850,6,1,196.57
2593,850,51,2,436.43
2594,850,20,2,302.33
2595,851,27,1,388.74
2596,851,33,2,62.63
2597,851,15,3,53.9
2598,851,69,3,114.37
2599,852,14,1,343.34
2600,852,100,4,380.07
2601,853,46,1,98.83
2602,853,73,4,474.1
2603,853,48,3,415.18
2604,854,54,4,341.99
2605,854,6,1,196.57
2606,854,40,3,465.16
2607,854,11,2,128.21
2608,854,83,3,284.61
2609,855,4,4,194.26
2610,855,75,2,120.94
2611,856,60,2,210.31
2612,856,83,1,284.61
2613,856,78,1,68.42
2614,856,61,2,214.17
2615,857,42,2,81.98
2616,857,26,2,438.17
2617,858,31,3,314.73
2618,859,1,3,341.27
2619,859,92,3,455.46
2620,859,46,3,98.83
2621,859,72,4,310.88
2622,860,49,3,193.89
2623,861,46,1,98.83
2624,861,11,1,128.21
2625,861,98,3,223.42
2626,861,42,4,81.98
2627,862,42,1,81.98
2628,862,39,4,187.34
2629,862,97,3,77.73
2630,863,74,3,179.75
2631,863,78,4,68.42
2632,864,57,3,446.72
2633,864,96,3,349.93
2634,865,97,2,77.73
2635,865,58,1,425.26
2636,865,100,3,380.07
2637,865,60,1,210.31
2638,865,55,1,405.59
2639,866,97,2,77.73
2640,866,69,4,114.37
2641,867,90,3,164.21
2642,868,45,3,324.19
2643,869,86,4,432.01
2644,869,51,1,436.43
2645,870,16,3,454.47
2646,870,85,1,310.05
2647,871,40,3,465.16
2648,871,8,1,291.43
2649,871,18,1,250.54
2650,871,57,1,446.72
2651,872,10,3,140.15
2652,872,38,3,49.02
2653,872,79,2,265.84
2654,872,53,2,298.35
2655,872,69,3,114.37
2656,873,78,1,68.42
2657,874,83,2,284.61
2658,874,61,2,214.17
2659,874,75,3,120.94
2660,874,84,1,153.73
2661,875,98,1,223.42
2662,876,19,2,402.89
2663,876,92,3,455.46
2664,876,82,1,43.63
2665,876,77,3,82.37
2666,877,4,4,194.26
2667,878,64,1,79.12
2668,878,44,2,21.82
2669,878,77,2,82.37
2670,879,59,4,453.63
2671,880,86,4,432.01
2672,880,37,2,167.33
2673,880,63,3,163.78
2674,881,79,3,265.84
2675,881,46,1,98.83
2676,882,21,1,287.87
2677,882,25,1,366.6
2678,882,82,1,43.63
2679,883,100,4,380.07
2680,883,37,4,167.33
2681,884,90,2,164.21
2682,884,82,4,43.63
2683,884,15,2,53.9
2684,884,70,4,439.46
2685,884,13,1,424.42
2686,885,79,3,265.84
2687,885,8,4,291.43
2688,886,43,4,446.64
2689,887,79,2,265.84
2690,887,98,2,223.42
2691,888,2,2,119.71
2692,888,79,4,265.84
2693,889,82,3,43.63
2694,889,66,3,244.34
2695,889,71,4,250.35
2696,890,46,1,98.83
2697,890,7,3,480.03
2698,890,40,1,465.16
2699,890,71,3,250.35
2700,891,57,1,446.72
2701,891,1,3,341.27
2702,891,99,3,273.19
2703,891,82,2,43.63
2704,892,54,2,341.99
2705,892,93,4,258.69
2706,892,25,4,366.6
2707,892,56,2,295.88
2708,893,39,4,187.34
2709,893,64,4,79.12
2710,893,44,3,21.82
2711,893,82,4,43.63
2712,894,13,4,424.42
2713,894,42,3,81.98
2714,894,30,3,242.62
2715,894,84,4,153.73
2716,895,23,1,32.52
2717,895,30,4,242.62
2718,896,98,4,223.42
2719,897,68,2,169.52
2720,897,74,4,179.75
2721,898,47,3,206.98
2722,898,82,1,43.63
2723,898,89,1,249.17
2724,898,78,4,68.42
2725,898,10,1,140.15
2726,899,18,4,250.54
2727,899,2,4,119.71
2728,899,61,2,214.17
2729,900,12,4,477.56
2730,900,30,1,242.62
2731,901,88,4,253.31
2732,901,63,2,163.78
2733,901,58,1,425.26
2734,902,1,3,341.27
2735,903,49,4,193.89
2736,903,85,2,310.05
2737,904,3,4,479.96
2738,905,46,4,98.83
2739,905,42,4,81.98
2740,905,76,4,334.46
2741,905,29,1,305.3
2742,906,47,3,206.98
2743,906,38,1,49.02
2744,906,81,3,135.75
2745,906,23,4,32.52
2746,907,64,4,79.12
2747,907,47,4,206.98
2748,907,25,1,366.6
2749,908,28,3,315.85
2750,908,77,4,82.37
2751,909,47,3,206.98
2752,909,64,4,79.12
2753,909,90,2,164.21
2754,909,84,4,153.73
2755,910,41,2,122.45
2756,910,54,3,341.99
2757,910,90,3,164.21
2758,910,89,1,249.17
2759,910,88,2,253.31
2760,911,10,2,140.15
2761,911,93,3,258.69
2762,911,42,1,81.98
2763,911,37,1,167.33
2764,911,96,3,349.93
2765,912,41,1,122.45
2766,912,39,2,187.34
2767,912,73,3,474.1
2768,912,38,2,49.02
2769,912,5,2,197.87
2770,913,67,3,276.75
2771,913,88,3,253.31
2772,913,93,3,258.69
2773,914,10,2,140.15
2774,914,23,2,32.52
2775,914,3,1,479.96
2776,914,84,3,153.73
2777,914,53,1,298.35
2778,915,65,2,392.05
2779,915,11,1,128.21
2780,915,88,1,253.31
2781,916,92,1,455.46
2782,917,18,1,250.54
2783,917,32,1,244.11
2784,917,40,2,465.16
2785,918,24,3,34.73
2786,918,18,2,250.54
2787,918,52,2,340.83
2788,919,77,3,82.37
2789,919,14,2,343.34
2790,919,89,3,249.17
2791,919,91,2,227.19
2792,919,53,3,298.35
2793,920,75,1,120.94
2794,920,78,1,68.42
2795,921,30,1,242.62
2796,921,62,4,215.7
2797,921,65,2,392.05
2798,921,54,3,341.99
2799,921,20,4,302.33
2800,922,50,4,243.34
2801,922,77,4,82.37
2802,922,24,4,34.73
2803,922,8,2,291.43
2804,923,28,4,315.85
2805,923,77,2,82.37
2806,924,49,4,193.89
2807,924,55,3,405.59
2808,924,92,1,455.46
2809,925,60,1,210.31
2810,926,85,1,310.05
2811,927,63,3,163.78
2812,927,64,2,79.12
2813,928,63,4,163.78
2814,928,9,1,58.75
2815,929,31,2,314.73
2816,929,60,2,210.31
2817,929,83,1,284.61
2818,929,56,1,295.88
2819,930,27,2,388.74
2820,930,15,2,53.9
2821,931,83,2,284.61
2822,932,40,2,465.16
2823,933,95,4,423.64
2824,933,63,2,163.78
2825,934,95,2,423.64
2826,934,42,1,81.98
2827,934,46,1,98.83
2828,934,79,2,265.84
2829,935,95,2,423.64
2830,935,10,3,140.15
2831,935,25,2,366.6
2832,935,11,3,128.21
2833,936,62,1,215.7
2834,937,16,4,454.47
2835,937,52,4,340.83
2836,938,86,1,432.01
2837,938,70,2,439.46
2838,938,99,2,273.19
2839,939,57,4,446.72
2840,939,28,4,315.85
2841,940,65,4,392.05
2842,940,7,2,480.03
2843,940,76,1,334.46
2844,940,23,4,32.52
2845,941,31,4,314.73
2846,942,2,1,119.71
2847,942,60,2,210.31
2848,943,63,1,163.78
2849,943,92,4,455.46
2850,943,11,2,128.21
2851,943,69,4,114.37
2852,943,53,2,298.35
2853,944,68,4,169.52
2854,944,95,3,423.64
2855,944,40,2,465.16
2856,944,75,2,120.94
2857,945,23,3,32.52
2858,945,29,3,305.3
2859,946,89,4,249.17
2860,946,3,1,479.96
2861,946,57,2,446.72
2862,946,69,3,114.37
2863,946,24,4,34.73
2864,947,39,1,187.34
2865,948,74,1,179.75
2866,949,65,1,392.05
2867,949,3,2,479.96
2868,950,95,2,423.64
2869,950,40,1,465.16
2870,950,85,4,310.05
2871,950,10,4,140.15
2872,950,8,4,291.43
2873,951,59,2,453.63
2874,951,27,2,388.74
2875,951,80,4,38.87
2876,951,13,2,424.42
2877,952,16,4,454.47
2878,952,83,2,284.61
2879,952,34,2,146.82
2880,952,22,1,48.79
2881,953,88,2,253.31
2882,953,67,3,276.75
2883,953,82,4,43.63
2884,953,100,2,380.07
2885,954,16,4,454.47
2886,954,46,4,98.83
2887,954,41,3,122.45
2888,954,56,4,295.88
2889,955,87,2,264.83
2890,956,61,4,214.17
2891,956,86,1,432.01
2892,956,80,3,38.87
2893,957,81,2,135.75
2894,958,49,1,193.89
2895,958,42,3,81.98
2896,958,79,1,265.84
2897,958,26,4,438.17
2898,959,91,1,227.19
2899,959,5,2,197.87
2900,959,4,4,194.26
2901,960,93,2,258.69
2902,960,38,2,49.02
2903,961,45,2,324.19
2904,962,3,4,479.96
2905,962,65,3,392.05
2906,962,78,3,68.42
2907,963,93,1,258.69
2908,963,60,2,210.31
2909,963,58,2,425.26
2910,963,87,4,264.83
2911,963,96,4,349.93
2912,964,37,1,167.33
2913,964,96,1,349.93
2914,964,32,1,244.11
2915,964,57,1,446.72
2916,965,47,3,206.98
2917,966,46,1,98.83
2918,966,12,1,477.56
2919,966,11,2,128.21
2920,967,73,2,474.1
2921,967,11,3,128.21
2922,967,63,4,163.78
2923,968,54,3,341.99
2924,968,74,1,179.75
2925,968,100,4,380.07
2926,969,50,3,243.34
2927,969,94,2,60.39
2928,969,24,1,34.73
2929,969,8,3,291.43
2930,969,14,1,343.34
2931,970,100,3,380.07
2932,970,48,3,415.18
2933,970,37,1,167.33
2934,970,33,2,62.63
2935,971,23,1,32.52
2936,971,30,2,242.62
2937,971,81,1,135.75
2938,971,84,4,153.73
2939,972,93,1,258.69
2940,972,87,1,264.83
2941,973,56,3,295.88
2942,973,58,2,425.26
2943,973,29,3,305.3
2944,973,17,2,425.88
2945,973,31,2,314.73
2946,974,46,2,98.83
2947,974,55,1,405.59
2948,975,23,4,32.52
2949,975,62,1,215.7
2950,976,68,1,169.52
2951,976,79,4,265.84
2952,976,18,3,250.54
2953,977,29,2,305.3
2954,977,84,4,153.73
2955,977,94,1,60.39
2956,978,10,3,140.15
2957,978,44,1,21.82
2958,979,69,4,114.37
2959,979,35,4,144.6
2960,979,85,2,310.05
2961,979,73,1,474.1
2962,980,76,2,334.46
2963,980,34,4,146.82
2964,980,18,1,250.54
2965,981,56,3,295.88
2966,982,49,3,193.89
2967,982,8,2,291.43
2968,982,52,4,340.83
2969,982,96,4,349.93
2970,983,7,2,480.03
2971,984,28,2,315.85
2972,984,59,2,453.63
2973,984,55,2,405.59
2974,984,15,2,53.9
2975,984,72,2,310.88
2976,985,18,2,250.54
2977,986,52,2,340.83
2978,986,88,3,253.31
2979,987,73,3,474.1
2980,987,28,3,315.85
2981,988,69,1,114.37
2982,988,65,1,392.05
2983,988,10,1,140.15
2984,988,42,1,81.98
2985,988,32,4,244.11
2986,989,58,3,425.26
2987,989,63,2,163.78
2988,989,39,4,187.34
2989,989,32,4,244.11
2990,989,10,1,140.15
2991,990,59,2,453.63
2992,990,89,3,249.17
2993,990,27,1,388.74
2994,991,67,4,276.75
2995,991,65,1,392.05
2996,992,33,1,62.63
2997,992,79,2,265.84
2998,992,80,2,38.87
2999,992,27,1,388.74
3000,992,84,2,153.73
3001,993,79,3,265.84
3002,993,32,4,244.11
3003,993,99,1,273.19
3004,993,55,1,405.59
3005,994,3,1,479.96
3006,994,31,1,314.73
3007,994,58,2,425.26
3008,994,72,1,310.88
3009,994,91,2,227.19
3010,995,72,2,310.88
3011,996,39,3,187.34
3012,996,83,1,284.61
3013,996,73,1,474.1
3014,997,3,1,479.96
3015,997,28,3,315.85
3016,998,32,1,244.11
3017,998,21,4,287.87
3018,998,83,4,284.61
3019,998,27,4,388.74
3020,998,85,4,310.05
3021,999,4,2,194.26
3022,999,44,4,21.82
3023,1000,69,2,114.37
3024,1000,56,2,295.88
3025,1000,77,2,82.37
3026,1001,29,1,305.3
3027,1002,76,1,334.46
3028,1002,55,1,405.59
3029,1003,92,2,455.46
3030,1003,84,1,153.73
3031,1004,98,1,223.42
3032,1004,21,1,287.87
3033,1004,90,1,164.21
3034,1005,46,3,98.83
3035,1006,69,5,114.37
3036,1006,16,1,454.47
3037,1007,47,1,206.98
3038,1007,74,1,179.75
3039,1008,30,1,242.62
3040,1008,13,3,424.42
3041,1008,49,1,193.89
3042,1008,36,1,112.6
3043,1009,10,2,140.15
3044,1009,78,2,68.42
3045,1010,82,2,43.63
3046,1011,30,3,242.62
3047,1011,5,1,197.87
3048,1012,92,1,455.46
3049,1012,41,1,122.45
3050,1013,32,2,244.11
3051,1014,75,1,120.94
3052,1015,7,3,480.03
3053,1016,77,1,82.37
3054,1016,9,2,58.75
3055,1017,2,2,119.71
3056,1017,88,2,253.31
3057,1018,15,1,53.9
3058,1018,38,1,49.02
3059,1019,65,3,392.05
3060,1019,14,1,343.34
3061,1020,98,1,223.42
3062,1021,63,1,163.78
3063,1021,3,1,479.96
3064,1022,73,4,474.1
3065,1023,69,1,114.37
3066,1023,99,2,273.19
3067,1023,17,1,425.88
3068,1023,85,3,310.05
3069,1024,89,2,249.17
3070,1024,26,1,438.17
3071,1025,16,1,454.47
3072,1025,32,1,244.11
3073,1026,10,2,140.15
3074,1027,43,1,446.64
3075,1028,17,2,425.88
3076,1029,61,3,214.17
3077,1030,55,1,405.59
3078,1031,83,1,284.61
3079,1031,13,2,424.42
3080,1032,58,1,425.26
3081,1033,10,1,140.15
3082,1033,57,2,446.72
3083,1033,71,2,250.35
3084,1034,22,1,48.79
3085,1034,53,3,298.35
3086,1034,63,4,163.78
3087,1035,59,1,453.63
3088,1036,92,1,455.46
3089,1036,63,1,163.78
3090,1037,96,1,349.93
3091,1037,41,2,122.45
3092,1038,11,1,128.21
3093,1038,24,3,34.73
3094,1038,9,1,58.75
3095,1038,77,4,82.37
3096,1039,11,1,128.21
3097,1040,27,1,388.74
3098,1040,86,1,432.01
3099,1040,92,1,455.46
3100,1041,10,2,140.15
3101,1041,2,2,119.71
3102,1041,59,1,453.63
3103,1042,45,3,324.19
3104,1043,70,2,439.46
3105,1044,71,4,250.35
3106,1044,39,1,187.34
3107,1045,96,1,349.93
3108,1045,71,2,250.35
3109,1045,20,2,302.33
3110,1046,63,1,163.78
3111,1047,36,1,112.6
3112,1048,95,1,423.64
3113,1049,89,4,249.17
3114,1050,19,1,402.89
3115,1050,56,1,295.88
3116,1051,46,1,98.83
3117,1052,53,2,298.35
3118,1052,80,4,38.87
3119,1053,53,2,298.35
3120,1053,4,1,194.26
3121,1053,23,4,32.52
3122,1054,35,1,144.6
3123,1054,21,3,287.87
3124,1054,90,3,164.21
3125,1055,40,1,465.16
3126,1055,30,2,242.62
3127,1056,99,1,273.19
3128,1057,69,3,114.37
3129,1057,43,1,446.64
3130,1057,4,2,194.26
3131,1057,15,5,53.9
3132,1058,41,1,122.45
3133,1059,33,2,62.63
3134,1059,6,1,196.57
3135,1060,95,1,423.64
3136,1060,86,1,432.01
3137,1060,26,2,438.17
3138,1061,39,2,187.34
3139,1062,71,1,250.35
3140,1062,17,2,425.88
3141,1063,71,3,250.35
3142,1064,78,1,68.42
3143,1064,84,1,153.73
3144,1065,95,2,423.64
3145,1065,22,1,48.79
3146,1066,97,1,77.73
3147,1067,6,1,196.57
3148,1068,54,3,341.99
3149,1069,52,1,340.83
3150,1070,99,3,273.19
3151,1070,14,1,343.34
3152,1071,32,4,244.11
3153,1072,68,2,169.52
3154,1072,72,4,310.88
3155,1073,65,3,392.05
3156,1073,55,2,405.59
3157,1074,34,1,146.82
3158,1074,97,2,77.73
3159,1075,57,1,446.72
3160,1076,70,1,439.46
3161,1077,28,1,315.85
3162,1078,27,3,388.74
3163,1079,98,2,223.42
3164,1080,50,3,243.34
3165,1081,78,1,68.42
3166,1081,29,1,305.3
3167,1082,52,1,340.83
3168,1082,93,1,258.69
3169,1083,73,2,474.1
3170,1084,24,1,34.73
3171,1084,7,1,480.03
3172,1084,34,1,146.82
3173,1085,54,1,341.99
3174,1085,33,2,62.63
3175,1085,11,5,128.21
3176,1085,61,1,214.17
3177,1086,97,4,77.73
3178,1086,4,1,194.26
3179,1087,86,1,432.01
3180,1088,48,1,415.18
3181,1089,21,4,287.87
3182,1090,87,4,264.83
3183,1091,76,2,334.46
3184,1092,88,3,253.31
3185,1092,77,3,82.37
3186,1093,48,1,415.18
3187,1094,63,1,163.78
3188,1095,91,1,227.19
3189,1095,20,2,302.33
3190,1095,56,2,295.88
3191,1096,94,1,60.39
3192,1096,76,3,334.46
3193,1097,97,2,77.73
3194,1097,60,2,210.31
3195,1098,63,1,163.78
3196,1099,90,1,164.21
3197,1099,36,4,112.6
3198,1099,72,1,310.88
3199,1100,89,2,249.17
3200,1100,61,1,214.17
3201,1101,89,1,249.17
3202,1102,45,5,324.19
3203,1102,55,2,405.59
3204,1103,16,2,454.47
3205,1104,89,2,249.17
3206,1104,24,1,34.73
3207,1104,25,2,366.6
3208,1104,28,3,315.85
3209,1105,38,1,49.02
3210,1105,30,1,242.62
3211,1105,47,2,206.98
3212,1106,90,2,164.21
3213,1106,17,3,425.88
3214,1107,57,1,446.72
3215,1107,44,1,21.82
3216,1108,63,1,163.78
3217,1109,73,4,474.1
3218,1110,78,3,68.42
3219,1110,77,1,82.37
3220,1111,76,5,334.46
3221,1112,95,4,423.64
3222,1112,13,1,424.42
3223,1113,23,2,32.52
3224,1114,61,1,214.17
3225,1114,38,1,49.02
3226,1115,30,4,242.62
3227,1116,26,1,438.17
3228,1116,55,1,405.59
3229,1117,22,3,48.79
3230,1118,39,1,187.34
3231,1118,90,1,164.21
3232,1119,56,1,295.88
3233,1119,95,1,423.64
3234,1120,74,5,179.75
3235,1120,76,2,334.46
3236,1120,3,1,479.96
3237,1121,84,4,153.73
3238,1121,57,1,446.72
3239,1122,12,1,477.56
3240,1122,61,1,214.17
3241,1123,89,1,249.17
3242,1124,59,1,453.63
3243,1124,12,1,477.56
3244,1125,1,1,341.27
3245,1125,85,1,310.05
3246,1125,70,2,439.46
3247,1126,27,2,388.74
3248,1126,35,4,144.6
3249,1127,81,2,135.75
3250,1128,71,1,250.35
3251,1128,53,5,298.35
3252,1129,20,1,302.33
3253,1130,62,5,215.7
3254,1131,77,2,82.37
3255,1132,54,1,341.99
3256,1133,93,1,258.69
3257,1134,20,2,302.33
3258,1134,58,1,425.26
3259,1135,25,2,366.6
3260,1135,90,1,164.21
3261,1135,31,3,314.73
3262,1136,49,5,193.89
3263,1136,50,3,243.34
3264,1137,65,4,392.05
3265,1138,68,4,169.52
3266,1139,20,1,302.33
3267,1139,10,4,140.15
3268,1140,43,3,446.64
3269,1140,87,1,264.83
3270,1141,70,2,439.46
3271,1141,5,1,197.87
3272,1142,12,1,477.56
3273,1143,4,1,194.26
3274,1143,6,1,196.57
3275,1144,53,2,298.35
3276,1145,49,2,193.89
3277,1146,60,2,210.31
3278,1147,60,2,210.31
3279,1147,37,1,167.33
3280,1147,87,4,264.83
3281,1148,33,1,62.63
3282,1149,14,2,343.34
3283,1149,31,2,314.73
3284,1149,49,5,193.89
3285,1150,36,2,112.6
3286,1150,2,2,119.71
3287,1151,37,3,167.33
3288,1151,100,2,380.07
3289,1152,87,2,264.83
3290,1152,97,2,77.73
3291,1153,83,3,284.61
3292,1153,6,1,196.57
3293,1153,40,1,465.16
3294,1154,54,1,341.99
3295,1155,65,4,392.05
3296,1156,62,3,215.7
3297,1156,38,3,49.02
3298,1156,96,1,349.93
3299,1157,87,2,264.83
3300,1158,2,2,119.71
3301,1158,34,1,146.82
3302,1159,82,4,43.63
3303,1160,72,1,310.88
3304,1161,60,1,210.31
3305,1161,90,1,164.21
3306,1162,64,1,79.12
3307,1163,86,2,432.01
3308,1163,96,2,349.93
3309,1164,63,1,163.78
3310,1164,79,4,265.84
3311,1165,31,3,314.73
3312,1166,46,1,98.83
3313,1166,8,1,291.43
3314,1166,51,3,436.43
3315,1166,36,1,112.6
3316,1167,3,3,479.96
3317,1167,7,1,480.03
3318,1168,71,1,250.35
3319,1168,27,3,388.74
3320,1168,76,1,334.46
3321,1169,19,1,402.89
3322,1169,17,1,425.88
3323,1169,70,2,439.46
3324,1170,31,1,314.73
3325,1170,76,1,334.46
3326,1171,96,1,349.93
3327,1171,9,3,58.75
3328,1172,79,2,265.84
3329,1172,6,4,196.57
3330,1173,4,5,194.26
3331,1173,8,3,291.43
3332,1174,57,3,446.72
3333,1174,10,1,140.15
3334,1175,75,2,120.94
3335,1175,71,1,250.35
3336,1176,13,1,424.42
3337,1176,90,2,164.21
3338,1177,56,1,295.88
3339,1177,58,3,425.26
3340,1177,30,1,242.62
3341,1178,33,1,62.63
3342,1179,11,1,128.21
3343,1180,76,2,334.46
3344,1180,72,2,310.88
3345,1181,55,4,405.59
3346,1181,93,2,258.69
3347,1181,7,1,480.03
3348,1182,29,1,305.3
3349,1182,14,2,343.34
3350,1183,55,3,405.59
3351,1184,83,1,284.61
3352,1184,72,4,310.88
3353,1185,90,3,164.21
3354,1186,19,2,402.89
3355,1187,4,2,194.26
3356,1187,12,1,477.56
3357,1188,93,1,258.69
3358,1189,20,2,302.33
3359,1189,21,2,287.87
3360,1189,97,1,77.73
3361,1190,35,1,144.6
3362,1191,87,2,264.83
3363,1192,51,5,436.43
3364,1193,99,1,273.19
3365,1193,18,1,250.54
3366,1193,98,1,223.42
3367,1194,91,1,227.19
3368,1195,95,1,423.64
3369,1196,74,2,179.75
3370,1196,55,1,405.59
3371,1196,52,1,340.83
3372,1197,59,1,453.63
3373,1197,89,3,249.17
3374,1197,47,1,206.98
3375,1198,40,2,465.16
3376,1199,82,1,43.63
3377,1200,94,4,60.39
3378,1201,26,1,438.17
3379,1202,99,2,273.19
3380,1203,73,2,474.1
3381,1204,20,1,302.33
3382,1204,57,1,446.72
3383,1205,10,1,140.15
3384,1206,10,2,140.15
3385,1206,83,2,284.61
3386,1206,12,1,477.56
3387,1207,84,2,153.73
3388,1207,25,2,366.6
3389,1207,42,4,81.98
3390,1208,92,2,455.46
3391,1208,11,1,128.21
3392,1208,65,2,392.05
3393,1209,48,4,415.18
3394,1210,7,2,480.03
3395,1210,81,1,135.75
3396,1211,93,3,258.69
3397,1212,75,2,120.94
3398,1213,85,1,310.05
3399,1213,51,2,436.43
3400,1214,43,2,446.64
3401,1214,17,3,425.88
3402,1215,86,1,432.01
3403,1216,28,1,315.85
3404,1217,20,2,302.33
3405,1217,10,2,140.15
3406,1217,38,2,49.02
3407,1217,13,2,424.42
3408,1218,77,1,82.37
3409,1218,49,1,193.89
3410,1219,57,1,446.72
3411,1220,97,3,77.73
3412,1220,96,1,349.93
3413,1221,25,2,366.6
3414,1221,48,2,415.18
3415,1222,65,1,392.05
3416,1222,68,1,169.52
3417,1223,83,1,284.61
3418,1224,67,1,276.75
3419,1224,16,3,454.47
3420,1225,56,1,295.88
3421,1226,4,1,194.26
3422,1226,54,1,341.99
3423,1226,7,1,480.03
3424,1227,13,3,424.42
3425,1228,37,4,167.33
3426,1229,61,2,214.17
3427,1229,58,4,425.26
3428,1230,94,2,60.39
3429,1231,16,1,454.47
3430,1232,15,2,53.9
3431,1232,64,1,79.12
3432,1233,55,1,405.59
3433,1234,86,1,432.01
3434,1235,65,1,392.05
3435,1235,71,3,250.35
3436,1236,96,1,349.93
3437,1237,81,3,135.75
3438,1237,14,2,343.34
3439,1238,83,3,284.61
3440,1238,23,2,32.52
3441,1239,9,4,58.75
3442,1239,92,1,455.46
3443,1239,100,1,380.07
3444,1240,40,2,465.16
3445,1241,83,1,284.61
3446,1242,16,3,454.47
3447,1243,50,1,243.34
3448,1243,44,1,21.82
3449,1243,24,4,34.73
3450,1244,11,2,128.21
3451,1244,56,3,295.88
3452,1245,85,1,310.05
3453,1246,57,1,446.72
3454,1247,82,5,43.63
3455,1248,47,3,206.98
3456,1248,66,2,244.34
3457,1249,57,1,446.72
3458,1249,5,1,197.87
3459,1250,5,2,197.87
3460,1250,78,4,68.42
3461,1250,20,1,302.33
3462,1251,51,2,436.43
3463,1251,41,1,122.45
3464,1252,50,1,243.34
3465,1252,72,3,310.88
3466,1253,89,1,249.17
3467,1253,63,1,163.78
3468,1254,12,4,477.56
3469,1254,88,5,253.31
3470,1255,38,3,49.02
3471,1255,39,2,187.34
3472,1256,66,1,244.34
3473,1256,29,1,305.3
3474,1257,71,2,250.35
3475,1258,9,5,58.75
3476,1258,40,2,465.16
3477,1258,51,2,436.43
3478,1259,41,2,122.45
3479,1260,100,2,380.07
3480,1261,65,4,392.05
3481,1262,22,1,48.79
3482,1263,67,1,276.75
3483,1263,37,2,167.33
3484,1263,11,2,128.21
3485,1264,83,1,284.61
3486,1265,93,1,258.69
3487,1265,78,4,68.42
3488,1266,99,2,273.19
3489,1266,74,3,179.75
3490,1266,34,1,146.82
3491,1267,38,4,49.02
3492,1267,83,1,284.61
3493,1268,89,1,249.17
3494,1268,8,1,291.43
3495,1269,92,1,455.46
3496,1270,48,2,415.18
3497,1271,58,1,425.26
3498,1272,79,1,265.84
3499,1273,93,3,258.69
3500,1273,41,1,122.45
3501,1273,25,2,366.6
3502,1274,51,2,436.43
3503,1275,7,1,480.03
3504,1276,14,1,343.34
3505,1277,47,1,206.98
3506,1277,6,2,196.57
3507,1278,65,1,392.05
3508,1279,79,1,265.84
3509,1279,16,1,454.47
3510,1280,47,1,206.98
3511,1280,97,2,77.73
3512,1281,92,1,455.46
3513,1282,66,1,244.34
3514,1282,18,2,250.54
3515,1283,39,1,187.34
3516,1283,76,3,334.46
3517,1284,3,1,479.96
3518,1285,93,2,258.69
3519,1285,89,2,249.17
3520,1286,74,2,179.75
3521,1286,30,2,242.62
3522,1287,49,3,193.89
3523,1287,19,1,402.89
3524,1288,57,1,446.72
3525,1289,100,2,380.07
3526,1290,72,5,310.88
3527,1290,42,1,81.98
3528,1291,69,2,114.37
3529,1291,44,2,21.82
3530,1292,32,1,244.11
3531,1293,99,2,273.19
3532,1293,37,1,167.33
3533,1293,91,1,227.19
3534,1293,27,2,388.74
3535,1294,70,3,439.46
3536,1294,49,1,193.89
3537,1295,92,1,455.46
3538,1296,28,3,315.85
3539,1296,26,1,438.17
3540,1297,95,2,423.64
3541,1298,82,1,43.63
3542,1298,30,1,242.62
3543,1299,1,5,341.27
3544,1299,71,1,250.35
3545,1300,26,4,438.17
3546,1300,97,1,77.73
3547,1301,74,1,179.75
3548,1302,23,4,32.52
3549,1303,96,3,349.93
3550,1303,38,1,49.02
3551,1304,37,2,167.33
3552,1304,59,3,453.63
3553,1304,83,1,284.61
3554,1304,70,2,439.46
3555,1305,94,1,60.39
3556,1306,38,2,49.02
3557,1307,52,1,340.83
3558,1307,55,1,405.59
3559,1307,66,1,244.34
3560,1308,34,1,146.82
3561,1309,75,2,120.94
3562,1310,8,1,291.43
3563,1310,86,1,432.01
3564,1311,91,2,227.19
3565,1311,99,2,273.19
3566,1311,40,4,465.16
3567,1312,62,5,215.7
3568,1312,20,1,302.33
3569,1312,59,2,453.63
3570,1312,96,4,349.93
3571,1313,98,3,223.42
3572,1313,32,3,244.11
3573,1313,88,1,253.31
3574,1314,73,1,474.1
3575,1315,69,1,114.37
3576,1316,92,1,455.46
3577,1316,75,3,120.94
3578,1317,59,1,453.63
3579,1317,73,1,474.1
3580,1318,1,2,341.27
3581,1319,9,2,58.75
3582,1320,37,1,167.33
3583,1320,53,1,298.35
3584,1321,58,2,425.26
3585,1321,49,2,193.89
3586,1321,11,2,128.21
3587,1322,69,1,114.37
3588,1323,39,2,187.34
3589,1323,60,2,210.31
3590,1324,45,1,324.19
3591,1325,79,4,265.84
3592,1325,99,3,273.19
3593,1326,58,2,425.26
3594,1326,77,3,82.37
3595,1327,28,3,315.85
3596,1328,30,2,242.62
3597,1328,94,3,60.39
3598,1328,74,3,179.75
3599,1328,41,1,122.45
3600,1329,53,1,298.35
3601,1329,39,2,187.34
3602,1330,64,1,79.12
3603,1331,41,1,122.45
3604,1331,90,1,164.21
3605,1332,29,3,305.3
3606,1332,39,1,187.34
3607,1333,72,1,310.88
3608,1333,68,1,169.52
3609,1333,18,2,250.54
3610,1333,50,4,243.34
3611,1334,25,1,366.6
3612,1334,7,2,480.03
3613,1335,98,2,223.42
3614,1336,43,1,446.64
3615,1336,39,1,187.34
3616,1336,2,2,119.71
3617,1337,78,2,68.42
3618,1338,49,2,193.89
3619,1338,60,1,210.31
3620,1339,13,1,424.42
3621,1339,93,3,258.69
3622,1340,73,3,474.1
3623,1341,75,1,120.94
3624,1341,93,1,258.69
3625,1342,64,4,79.12
3626,1342,71,1,250.35
3627,1342,84,3,153.73
3628,1343,46,1,98.83
3629,1343,22,2,48.79
3630,1344,68,1,169.52
3631,1344,5,1,197.87
3632,1344,10,1,140.15
3633,1344,86,2,432.01
3634,1345,59,1,453.63
3635,1346,62,1,215.7
3636,1346,85,1,310.05
3637,1347,36,5,112.6
3638,1347,69,1,114.37
3639,1348,14,1,343.34
3640,1348,13,1,424.42
3641,1348,68,2,169.52
3642,1349,48,4,415.18
3643,1350,39,3,187.34
3644,1350,88,1,253.31
3645,1351,49,1,193.89
3646,1352,11,3,128.21
3647,1352,64,2,79.12
3648,1353,68,4,169.52
3649,1353,6,2,196.57
3650,1353,30,2,242.62
3651,1353,28,1,315.85
3652,1354,70,2,439.46
3653,1355,27,2,388.74
3654,1356,73,1,474.1
3655,1357,50,2,243.34
3656,1357,97,3,77.73
3657,1358,45,1,324.19
3658,1358,7,1,480.03
3659,1359,77,4,82.37
3660,1359,51,1,436.43
3661,1360,30,2,242.62
3662,1360,46,1,98.83
3663,1361,99,2,273.19
3664,1362,20,1,302.33
3665,1363,47,1,206.98
3666,1364,14,1,343.34
3667,1364,17,1,425.88
3668,1365,12,1,477.56
3669,1366,50,1,243.34
3670,1367,72,2,310.88
3671,1367,32,1,244.11
3672,1368,64,1,79.12
3673,1369,10,1,140.15
3674,1370,79,1,265.84
3675,1370,26,1,438.17
3676,1371,43,1,446.64
3677,1371,57,3,446.72
3678,1372,42,2,81.98
3679,1373,51,4,436.43
3680,1374,32,3,244.11
3681,1374,42,1,81.98
3682,1374,49,1,193.89
3683,1374,36,2,112.6
3684,1375,4,1,194.26
3685,1375,94,2,60.39
3686,1376,53,1,298.35
3687,1376,87,2,264.83
3688,1377,49,1,193.89
3689,1377,10,2,140.15
3690,1378,89,1,249.17
3691,1378,54,4,341.99
3692,1378,70,2,439.46
3693,1379,14,2,343.34
3694,1379,99,1,273.19
3695,1379,32,2,244.11
3696,1380,52,1,340.83
3697,1380,97,3,77.73
3698,1381,96,2,349.93
3699,1382,51,1,436.43
3700,1383,4,1,194.26
3701,1384,94,1,60.39
3702,1385,62,1,215.7
3703,1386,9,1,58.75
3704,1386,39,2,187.34
3705,1387,22,1,48.79
3706,1387,95,1,423.64
3707,1388,30,1,242.62
3708,1388,52,2,340.83
3709,1388,81,1,135.75
3710,1388,24,2,34.73
3711,1389,1,2,341.27
3712,1390,9,3,58.75
3713,1390,74,2,179.75
3714,1390,14,1,343.34
3715,1391,63,4,163.78
3716,1391,68,1,169.52
3717,1392,46,3,98.83
3718,1393,39,2,187.34
3719,1393,79,2,265.84
3720,1394,48,2,415.18
3721,1395,50,1,243.34
3722,1396,23,1,32.52
3723,1396,72,1,310.88
3724,1396,22,1,48.79
3725,1397,2,1,119.71
3726,1398,64,2,79.12
3727,1398,53,1,298.35
3728,1399,4,3,194.26
3729,1400,37,1,167.33
3730,1401,71,1,250.35
3731,1401,66,1,244.34
3732,1402,97,1,77.73
3733,1403,14,1,343.34
3734,1403,95,3,423.64
3735,1403,84,1,153.73
3736,1403,97,1,77.73
3737,1404,100,2,380.07
3738,1404,31,1,314.73
3739,1404,27,2,388.74
3740,1404,95,2,423.64
3741,1405,27,3,388.74
3742,1406,22,5,48.79
3743,1406,42,1,81.98
3744,1407,87,1,264.83
3745,1407,13,3,424.42
3746,1408,17,1,425.88
3747,1408,90,1,164.21
3748,1408,32,1,244.11
3749,1409,81,1,135.75
3750,1410,99,1,273.19
3751,1410,12,2,477.56
3752,1411,75,3,120.94
3753,1411,1,3,341.27
3754,1412,9,1,58.75
3755,1412,69,4,114.37
3756,1413,37,1,167.33
3757,1414,44,3,21.82
3758,1414,88,1,253.31
3759,1415,21,1,287.87
3760,1415,57,4,446.72
3761,1415,59,1,453.63
3762,1416,21,1,287.87
3763,1416,36,1,112.6
3764,1417,7,2,480.03
3765,1417,51,2,436.43
3766,1418,13,1,424.42
3767,1419,88,1,253.31
3768,1420,55,2,405.59
3769,1421,14,1,343.34
3770,1422,97,2,77.73
3771,1422,18,2,250.54
3772,1423,22,1,48.79
3773,1423,57,1,446.72
3774,1424,57,1,446.72
3775,1424,28,1,315.85
3776,1425,55,1,405.59
3777,1426,71,2,250.35
3778,1427,4,1,194.26
3779,1427,85,2,310.05
3780,1427,39,1,187.34
3781,1428,31,1,314.73
3782,1428,64,1,79.12
3783,1429,2,1,119.71
3784,1429,47,3,206.98
3785,1429,41,2,122.45
3786,1430,99,1,273.19
3787,1430,10,1,140.15
3788,1431,51,2,436.43
3789,1432,90,1,164.21
3790,1433,11,1,128.21
3791,1434,42,1,81.98
3792,1435,9,2,58.75
3793,1435,40,2,465.16
3794,1436,56,1,295.88
3795,1437,85,1,310.05
3796,1437,95,1,423.64
3797,1438,45,2,324.19
3798,1438,67,3,276.75
3799,1439,35,3,144.6
3800,1439,94,3,60.39
3801,1440,9,1,58.75
3802,1441,66,1,244.34
3803,1441,47,3,206.98
3804,1442,74,2,179.75
3805,1442,87,1,264.83
3806,1443,32,1,244.11
3807,1443,6,4,196.57
3808,1443,61,1,214.17
3809,1444,95,1,423.64
3810,1444,84,1,153.73
3811,1444,54,4,341.99
3812,1445,16,2,454.47
3813,1445,65,1,392.05
3814,1446,9,3,58.75
3815,1446,60,1,210.31
3816,1446,37,2,167.33
3817,1446,100,1,380.07
3818,1447,80,1,38.87
3819,1448,100,3,380.07
3820,1448,26,1,438.17
3821,1448,94,1,60.39
3822,1448,70,1,439.46
3823,1449,2,3,119.71
3824,1449,43,1,446.64
3825,1449,1,2,341.27
3826,1450,54,2,341.99
3827,1450,63,1,163.78
3828,1450,8,4,291.43
3829,1450,19,3,402.89
3830,1451,96,1,349.93
3831,1452,10,1,140.15
3832,1452,76,2,334.46
3833,1452,73,1,474.1
3834,1453,51,1,436.43
3835,1453,90,1,164.21
3836,1453,95,1,423.64
3837,1454,14,1,343.34
3838,1454,20,1,302.33
3839,1455,99,1,273.19
3840,1456,21,3,287.87
3841,1457,42,2,81.98
3842,1457,19,4,402.89
3843,1457,12,1,477.56
3844,1458,4,2,194.26
3845,1458,52,1,340.83
3846,1458,58,1,425.26
3847,1458,72,3,310.88
3848,1459,29,3,305.3
3849,1459,17,1,425.88
3850,1459,26,2,438.17
3851,1460,10,1,140.15
3852,1461,17,1,425.88
3853,1462,60,1,210.31
3854,1463,4,1,194.26
3855,1464,36,1,112.6
3856,1464,58,2,425.26
3857,1464,20,1,302.33
3858,1465,8,1,291.43
3859,1465,12,1,477.56
3860,1466,81,3,135.75
3861,1466,70,5,439.46
3862,1467,63,4,163.78
3863,1467,45,2,324.19
3864,1468,29,1,305.3
3865,1469,68,5,169.52
3866,1469,46,5,98.83
3867,1469,99,1,273.19
3868,1469,75,2,120.94
3869,1470,8,2,291.43
3870,1470,98,5,223.42
3871,1470,29,1,305.3
3872,1471,95,1,423.64
3873,1471,90,2,164.21
3874,1472,19,4,402.89
3875,1472,73,3,474.1
3876,1473,5,1,197.87
3877,1474,1,4,341.27
3878,1474,43,1,446.64
3879,1475,42,1,81.98
3880,1475,8,2,291.43
3881,1475,3,1,479.96
3882,1476,48,2,415.18
3883,1476,91,1,227.19
3884,1476,85,1,310.05
3885,1476,51,5,436.43
3886,1477,84,4,153.73
3887,1477,41,2,122.45
3888,1477,23,4,32.52
3889,1477,91,3,227.19
3890,1478,40,2,465.16
3891,1479,90,4,164.21
3892,1480,79,2,265.84
3893,1480,29,1,305.3
3894,1481,45,5,324.19
3895,1482,91,2,227.19
3896,1483,32,2,244.11
3897,1484,7,1,480.03
3898,1484,50,1,243.34
3899,1485,45,1,324.19
3900,1485,70,1,439.46
3901,1485,49,3,193.89
3902,1486,10,3,140.15
3903,1487,14,1,343.34
3904,1488,12,1,477.56
3905,1489,84,1,153.73
3906,1490,27,5,388.74
3907,1491,70,1,439.46
3908,1491,34,1,146.82
3909,1491,85,1,310.05
3910,1492,47,1,206.98
3911,1493,62,1,215.7
3912,1493,26,1,438.17
3913,1494,15,3,53.9
3914,1494,40,1,465.16
3915,1495,50,1,243.34
3916,1495,24,1,34.73
3917,1496,34,1,146.82
3918,1497,86,1,432.01
3919,1497,13,1,424.42
3920,1498,71,3,250.35
3921,1498,8,3,291.43
3922,1499,74,1,179.75
3923,1499,31,1,314.73
3924,1499,61,3,214.17
3925,1500,74,5,179.75
3926,1500,87,1,264.83
3927,1501,28,1,315.85
3928,1501,25,5,366.6
3929,1501,17,1,425.88
3930,1501,6,5,196.57
3931,1502,94,4,60.39
3932,1503,42,3,81.98
3933,1504,90,2,164.21
3934,1505,19,2,402.89
3935,1506,13,3,424.42
3936,1506,37,3,167.33
3937,1507,74,1,179.75
3938,1507,78,1,68.42
3939,1508,52,1,340.83
3940,1508,5,3,197.87
3941,1509,35,1,144.6
3942,1509,48,3,415.18
3943,1510,90,1,164.21
3944,1510,88,3,253.31
3945,1511,42,1,81.98
3946,1512,28,4,315.85
3947,1513,8,1,291.43
3948,1513,66,2,244.34
3949,1513,21,1,287.87
3950,1514,25,3,366.6
3951,1515,47,1,206.98
3952,1515,91,1,227.19
3953,1516,88,1,253.31
3954,1516,4,2,194.26
3955,1516,31,1,314.73
3956,1517,21,3,287.87
3957,1518,7,1,480.03
3958,1519,87,1,264.83
3959,1519,27,1,388.74
3960,1520,2,4,119.71
3961,1520,61,2,214.17
3962,1521,40,2,465.16
3963,1522,45,1,324.19
3964,1522,59,1,453.63
3965,1522,33,2,62.63
3966,1523,85,4,310.05
3967,1524,37,2,167.33
3968,1524,39,1,187.34
3969,1525,34,4,146.82
3970,1525,84,2,153.73
3971,1525,92,1,455.46
3972,1526,77,1,82.37
3973,1526,52,1,340.83
3974,1526,85,1,310.05
3975,1527,50,2,243.34
3976,1528,44,1,21.82
3977,1528,93,2,258.69
3978,1528,92,3,455.46
3979,1529,22,3,48.79
3980,1530,17,2,425.88
3981,1531,88,1,253.31
3982,1531,43,1,446.64
3983,1531,84,2,153.73
3984,1532,34,2,146.82
3985,1533,75,1,120.94
3986,1533,80,1,38.87
3987,1533,10,1,140.15
3988,1534,20,1,302.33
3989,1535,59,1,453.63
3990,1535,19,2,402.89
3991,1536,23,2,32.52
3992,1536,41,1,122.45
3993,1537,98,1,223.42
3994,1538,56,2,295.88
3995,1539,5,2,197.87
3996,1540,97,1,77.73
3997,1540,68,1,169.52
3998,1540,25,2,366.6
3999,1541,14,1,343.34
4000,1542,39,2,187.34
4001,1542,38,2,49.02
4002,1542,59,1,453.63
4003,1543,63,1,163.78
4004,1544,52,1,340.83
4005,1544,3,5,479.96
4006,1544,30,1,242.62
4007,1545,92,2,455.46
4008,1546,69,2,114.37
4009,1547,3,2,479.96
4010,1547,7,1,480.03
4011,1548,20,2,302.33
4012,1548,27,2,388.74
4013,1549,35,2,144.6
4014,1549,80,1,38.87
4015,1550,37,3,167.33
4016,1550,15,1,53.9
4017,1551,26,1,438.17
4018,1551,46,1,98.83
4019,1551,91,2,227.19
4020,1552,31,1,314.73
4021,1552,1,1,341.27
4022,1553,66,1,244.34
4023,1554,59,1,453.63
4024,1554,38,1,49.02
4025,1555,47,1,206.98
4026,1555,87,1,264.83
4027,1555,41,3,122.45
4028,1556,83,1,284.61
4029,1557,94,1,60.39
4030,1558,59,1,453.63
4031,1559,84,1,153.73
4032,1559,22,2,48.79
4033,1560,62,1,215.7
4034,1560,73,2,474.1
4035,1560,87,3,264.83
4036,1561,94,4,60.39
4037,1561,17,1,425.88
4038,1561,62,1,215.7
4039,1562,91,3,227.19
4040,1563,44,2,21.82
4041,1563,67,2,276.75
4042,1564,45,2,324.19
4043,1565,79,2,265.84
4044,1565,7,1,480.03
4045,1565,2,3,119.71
4046,1566,63,1,163.78
4047,1567,83,1,284.61
4048,1568,74,1,179.75
4049,1569,64,2,79.12
4050,1570,71,1,250.35
4051,1571,66,1,244.34
4052,1571,72,2,310.88
4053,1572,29,3,305.3
4054,1573,92,1,455.46
4055,1573,85,1,310.05
4056,1574,82,4,43.63
4057,1575,6,1,196.57
4058,1575,22,3,48.79
4059,1576,25,4,366.6
4060,1576,16,1,454.47
4061,1577,54,1,341.99
4062,1578,58,1,425.26
4063,1579,1,2,341.27
4064,1579,68,1,169.52
4065,1579,95,2,423.64
4066,1579,7,4,480.03
4067,1580,17,1,425.88
4068,1581,50,1,243.34
4069,1582,44,5,21.82
4070,1583,96,1,349.93
4071,1583,66,2,244.34
4072,1584,81,1,135.75
4073,1584,28,2,315.85
4074,1584,26,2,438.17
4075,1585,23,2,32.52
4076,1585,65,2,392.05
4077,1586,75,4,120.94
4078,1586,74,2,179.75
4079,1587,55,2,405.59
4080,1587,2,1,119.71
4081,1588,97,3,77.73
4082,1589,89,3,249.17
4083,1589,38,1,49.02
4084,1589,27,3,388.74
4085,1590,29,2,305.3
4086,1590,96,1,349.93
4087,1591,49,1,193.89
4088,1591,50,3,243.34
4089,1592,96,1,349.93
4090,1593,91,3,227.19
4091,1593,83,2,284.61
4092,1593,48,2,415.18
4093,1594,88,1,253.31
4094,1595,6,1,196.57
4095,1596,33,1,62.63
4096,1596,1,2,341.27
4097,1597,7,3,480.03
4098,1598,74,2,179.75
4099,1599,24,2,34.73
4100,1600,52,1,340.83
4101,1600,12,3,477.56
4102,1601,97,2,77.73
4103,1602,2,1,119.71
4104,1602,15,4,53.9
4105,1602,86,2,432.01
4106,1602,45,2,324.19
4107,1603,15,1,53.9
4108,1604,99,2,273.19
4109,1604,48,2,415.18
4110,1605,42,1,81.98
4111,1605,66,1,244.34
4112,1606,27,2,388.74
4113,1606,86,1,432.01
4114,1607,90,3,164.21
4115,1608,96,1,349.93
4116,1608,88,2,253.31
4117,1608,20,1,302.33
4118,1609,10,2,140.15
4119,1610,52,1,340.83
4120,1610,56,1,295.88
4121,1611,97,2,77.73
4122,1611,96,2,349.93
4123,1612,88,1,253.31
4124,1613,51,3,436.43
4125,1614,96,1,349.93
4126,1615,39,3,187.34
4127,1615,87,4,264.83
4128,1616,71,1,250.35
4129,1616,72,1,310.88
4130,1616,19,2,402.89
4131,1617,96,2,349.93
4132,1618,66,1,244.34
4133,1618,19,2,402.89
4134,1618,21,1,287.87
4135,1619,7,4,480.03
4136,1619,97,5,77.73
4137,1620,9,1,58.75
4138,1621,17,2,425.88
4139,1622,25,1,366.6
4140,1623,75,1,120.94
4141,1624,22,3,48.79
4142,1624,1,2,341.27
4143,1624,41,2,122.45
4144,1624,32,1,244.11
4145,1625,62,1,215.7
4146,1626,83,2,284.61
4147,1627,69,1,114.37
4148,1628,65,3,392.05
4149,1628,81,2,135.75
4150,1628,4,3,194.26
4151,1629,70,2,439.46
4152,1629,61,1,214.17
4153,1630,38,1,49.02
4154,1630,18,2,250.54
4155,1631,79,1,265.84
4156,1631,88,2,253.31
4157,1632,85,2,310.05
4158,1632,19,4,402.89
4159,1632,95,1,423.64
4160,1633,30,1,242.62
4161,1634,61,4,214.17
4162,1635,14,4,343.34
4163,1635,91,2,227.19
4164,1636,49,1,193.89
4165,1636,84,2,153.73
4166,1637,29,2,305.3
4167,1638,78,2,68.42
4168,1638,1,1,341.27
4169,1639,28,1,315.85
4170,1639,20,1,302.33
4171,1640,43,2,446.64
4172,1641,21,2,287.87
4173,1642,76,1,334.46
4174,1643,8,1,291.43
4175,1643,22,1,48.79
4176,1644,3,2,479.96
4177,1644,93,3,258.69
4178,1645,61,1,214.17
4179,1645,62,3,215.7
4180,1646,24,2,34.73
4181,1646,80,1,38.87
4182,1646,85,2,310.05
4183,1647,49,1,193.89
4184,1648,65,3,392.05
4185,1648,88,2,253.31
4186,1648,54,1,341.99
4187,1649,69,1,114.37
4188,1649,65,1,392.05
4189,1649,97,1,77.73
4190,1650,100,1,380.07
4191,1650,87,1,264.83
4192,1650,84,3,153.73
4193,1651,62,1,215.7
4194,1651,99,3,273.19
4195,1651,49,4,193.89
4196,1652,33,1,62.63
4197,1653,53,1,298.35
4198,1653,33,2,62.63
4199,1653,25,1,366.6
4200,1654,27,2,388.74
4201,1655,84,2,153.73
4202,1656,79,5,265.84
4203,1656,36,1,112.6
4204,1657,23,2,32.52
4205,1657,48,1,415.18
4206,1658,95,3,423.64
4207,1658,18,2,250.54
4208,1659,21,1,287.87
4209,1659,13,1,424.42
4210,1660,7,1,480.03
4211,1660,21,2,287.87
4212,1661,77,1,82.37
4213,1661,56,1,295.88
4214,1662,52,2,340.83
4215,1662,79,1,265.84
4216,1663,23,1,32.52
4217,1663,82,1,43.63
4218,1664,25,3,366.6
4219,1664,5,2,197.87
4220,1665,47,2,206.98
4221,1665,31,5,314.73
4222,1666,51,1,436.43
4223,1667,12,1,477.56
4224,1667,71,3,250.35
4225,1668,36,1,112.6
4226,1668,29,1,305.3
4227,1668,78,1,68.42
4228,1668,25,1,366.6
4229,1669,44,3,21.82
4230,1669,15,4,53.9
4231,1670,89,4,249.17
4232,1670,57,2,446.72
4233,1671,59,1,453.63
4234,1671,88,1,253.31
4235,1671,76,1,334.46
4236,1671,4,3,194.26
4237,1672,46,2,98.83
4238,1673,12,1,477.56
4239,1674,61,1,214.17
4240,1674,41,2,122.45
4241,1674,46,1,98.83
4242,1675,95,1,423.64
4243,1676,26,3,438.17
4244,1677,16,2,454.47
4245,1677,11,2,128.21
4246,1678,6,1,196.57
4247,1678,62,1,215.7
4248,1679,98,1,223.42
4249,1679,66,1,244.34
4250,1680,62,1,215.7
4251,1680,70,1,439.46
4252,1681,16,2,454.47
4253,1681,90,1,164.21
4254,1682,13,1,424.42
4255,1683,35,1,144.6
4256,1684,27,2,388.74
4257,1684,54,1,341.99
4258,1685,17,5,425.88
4259,1686,31,1,314.73
4260,1686,72,1,310.88
4261,1687,54,1,341.99
4262,1688,63,1,163.78
4263,1688,39,3,187.34
4264,1689,28,3,315.85
4265,1690,34,1,146.82
4266,1690,47,2,206.98
4267,1691,45,3,324.19
4268,1692,84,1,153.73
4269,1692,69,3,114.37
4270,1693,95,3,423.64
4271,1693,58,1,425.26
4272,1694,22,2,48.79
4273,1695,52,1,340.83
4274,1695,10,1,140.15
4275,1696,78,1,68.42
4276,1696,83,3,284.61
4277,1697,58,1,425.26
4278,1697,53,3,298.35
4279,1698,90,1,164.21
4280,1698,96,1,349.93
4281,1698,11,1,128.21
4282,1699,51,2,436.43
4283,1700,84,4,153.73
4284,1701,57,1,446.72
4285,1701,81,2,135.75
4286,1702,42,3,81.98
4287,1703,18,2,250.54
4288,1703,90,2,164.21
4289,1704,56,2,295.88
4290,1704,68,1,169.52
4291,1704,82,1,43.63
4292,1705,47,1,206.98
4293,1706,98,1,223.42
4294,1706,18,1,250.54
4295,1707,62,3,215.7
4296,1707,39,3,187.34
4297,1707,2,2,119.71
4298,1708,72,1,310.88
4299,1709,49,1,193.89
4300,1709,29,1,305.3
4301,1710,89,1,249.17
4302,1710,88,2,253.31
4303,1710,35,3,144.6
4304,1711,38,1,49.02
4305,1712,63,1,163.78
4306,1712,25,1,366.6
4307,1713,37,1,167.33
4308,1713,35,1,144.6
4309,1713,17,1,425.88
4310,1713,92,1,455.46
4311,1714,64,1,79.12
4312,1714,48,3,415.18
4313,1715,8,1,291.43
4314,1715,35,1,144.6
4315,1715,100,1,380.07
4316,1715,51,3,436.43
4317,1716,99,2,273.19
4318,1717,26,1,438.17
4319,1717,59,2,453.63
4320,1717,95,1,423.64
4321,1717,99,1,273.19
4322,1718,94,1,60.39
4323,1719,82,1,43.63
4324,1720,15,1,53.9
4325,1721,75,1,120.94
4326,1721,16,1,454.47
4327,1722,89,1,249.17
4328,1722,77,3,82.37
4329,1723,44,2,21.82
4330,1723,98,1,223.42
4331,1724,17,1,425.88
4332,1724,63,5,163.78
4333,1725,57,1,446.72
4334,1725,94,1,60.39
4335,1725,25,2,366.6
4336,1726,72,2,310.88
4337,1726,38,1,49.02
4338,1727,60,1,210.31
4339,1728,9,1,58.75
4340,1728,68,1,169.52
4341,1729,82,2,43.63
4342,1730,47,2,206.98
4343,1730,100,1,380.07
4344,1731,88,1,253.31
4345,1732,83,1,284.61
4346,1733,17,1,425.88
4347,1734,5,2,197.87
4348,1735,90,1,164.21
4349,1735,76,1,334.46
4350,1736,27,4,388.74
4351,1736,84,3,153.73
4352,1736,63,1,163.78
4353,1737,54,3,341.99
4354,1737,48,1,415.18
4355,1738,39,4,187.34
4356,1738,10,4,140.15
4357,1739,25,2,366.6
4358,1739,68,2,169.52
4359,1740,96,3,349.93
4360,1740,14,2,343.34
4361,1741,14,1,343.34
4362,1742,21,2,287.87
4363,1743,71,1,250.35
4364,1743,42,2,81.98
4365,1743,48,3,415.18
4366,1744,49,2,193.89
4367,1744,99,2,273.19
4368,1745,93,1,258.69
4369,1746,39,1,187.34
4370,1747,89,3,249.17
4371,1748,74,1,179.75
4372,1748,20,1,302.33
4373,1749,32,3,244.11
4374,1749,30,1,242.62
4375,1749,33,1,62.63
4376,1750,62,1,215.7
4377,1750,23,3,32.52
4378,1751,83,1,284.61
4379,1752,99,1,273.19
4380,1752,43,3,446.64
4381,1753,84,3,153.73
4382,1754,7,2,480.03
4383,1754,40,1,465.16
4384,1755,20,2,302.33
4385,1755,7,5,480.03
4386,1756,12,1,477.56
4387,1756,29,3,305.3
4388,1757,96,2,349.93
4389,1757,7,1,480.03
4390,1758,98,1,223.42
4391,1758,18,1,250.54
4392,1759,95,1,423.64
4393,1759,68,1,169.52
4394,1760,12,1,477.56
4395,1760,15,1,53.9
4396,1760,86,1,432.01
4397,1761,22,2,48.79
4398,1761,45,5,324.19
4399,1762,30,1,242.62
4400,1763,15,1,53.9
4401,1763,95,2,423.64
4402,1763,7,1,480.03
4403,1764,15,1,53.9
4404,1764,40,1,465.16
4405,1765,67,3,276.75
4406,1766,89,1,249.17
4407,1766,90,4,164.21
4408,1766,86,2,432.01
4409,1766,3,1,479.96
4410,1767,35,1,144.6
4411,1767,7,4,480.03
4412,1768,85,3,310.05
4413,1768,47,1,206.98
4414,1769,91,1,227.19
4415,1770,24,2,34.73
4416,1770,26,1,438.17
4417,1771,40,1,465.16
4418,1771,43,1,446.64
4419,1771,63,1,163.78
4420,1772,65,1,392.05
4421,1773,4,1,194.26
4422,1773,72,1,310.88
4423,1773,36,1,112.6
4424,1774,87,3,264.83
4425,1774,79,2,265.84
4426,1775,40,4,465.16
4427,1776,18,2,250.54
4428,1777,89,2,249.17
4429,1778,99,4,273.19
4430,1778,19,4,402.89
4431,1778,84,1,153.73
4432,1779,41,3,122.45
4433,1780,53,2,298.35
4434,1780,39,3,187.34
4435,1780,57,2,446.72
4436,1781,17,1,425.88
4437,1782,79,2,265.84
4438,1782,30,1,242.62
4439,1783,18,3,250.54
4440,1783,65,1,392.05
4441,1784,61,1,214.17
4442,1785,2,4,119.71
4443,1785,35,1,144.6
4444,1786,57,3,446.72
4445,1787,55,1,405.59
4446,1787,52,2,340.83
4447,1787,100,1,380.07
4448,1788,77,2,82.37
4449,1788,69,3,114.37
4450,1789,6,2,196.57
4451,1789,32,1,244.11
4452,1790,81,1,135.75
4453,1790,7,1,480.03
4454,1791,22,1,48.79
4455,1792,60,1,210.31
4456,1792,83,2,284.61
4457,1792,58,1,425.26
4458,1793,58,1,425.26
4459,1794,59,1,453.63
4460,1794,12,2,477.56
4461,1794,33,2,62.63
4462,1795,82,1,43.63
4463,1795,47,2,206.98
4464,1796,71,1,250.35
4465,1797,85,1,310.05
4466,1797,20,1,302.33
4467,1798,99,4,273.19
4468,1799,26,3,438.17
4469,1799,1,1,341.27
4470,1799,80,1,38.87
4471,1800,64,1,79.12
4472,1800,31,2,314.73
4473,1801,1,3,341.27
4474,1801,32,1,244.11
4475,1802,24,1,34.73
4476,1803,86,1,432.01
4477,1803,74,4,179.75
4478,1803,78,1,68.42
4479,1804,85,2,310.05
4480,1805,47,1,206.98
4481,1805,5,1,197.87
4482,1806,71,1,250.35
4483,1806,9,1,58.75
4484,1807,27,2,388.74
4485,1808,81,5,135.75
4486,1808,68,1,169.52
4487,1809,37,1,167.33
4488,1809,55,2,405.59
4489,1809,78,2,68.42
4490,1809,41,4,122.45
4491,1810,64,3,79.12
4492,1810,24,1,34.73
4493,1811,81,3,135.75
4494,1812,53,2,298.35
4495,1812,6,2,196.57
4496,1812,43,1,446.64
4497,1812,45,1,324.19
4498,1813,65,2,392.05
4499,1814,51,2,436.43
4500,1815,44,4,21.82
4501,1816,62,2,215.7
4502,1816,20,3,302.33
4503,1817,53,1,298.35
4504,1817,96,2,349.93
4505,1818,27,2,388.74
4506,1818,74,3,179.75
4507,1819,4,1,194.26
4508,1820,50,2,243.34
4509,1820,24,3,34.73
4510,1821,5,1,197.87
4511,1822,39,1,187.34
4512,1823,100,4,380.07
4513,1823,26,1,438.17
4514,1824,44,4,21.82
4515,1825,99,3,273.19
4516,1826,93,1,258.69
4517,1827,40,4,465.16
4518,1828,6,1,196.57
4519,1829,82,1,43.63
4520,1829,27,1,388.74
4521,1830,16,1,454.47
4522,1831,72,2,310.88
4523,1831,66,2,244.34
4524,1831,14,1,343.34
4525,1831,27,4,388.74
4526,1832,40,2,465.16
4527,1833,61,4,214.17
4528,1834,51,1,436.43
4529,1835,26,2,438.17
4530,1836,60,1,210.31
4531,1836,73,3,474.1
4532,1837,88,2,253.31
4533,1837,83,1,284.61
4534,1838,34,1,146.82
4535,1838,47,4,206.98
4536,1838,51,1,436.43
4537,1839,61,1,214.17
4538,1840,45,2,324.19
4539,1841,14,2,343.34
4540,1841,42,3,81.98
4541,1841,72,2,310.88
4542,1842,71,5,250.35
4543,1842,21,1,287.87
4544,1843,56,3,295.88
4545,1843,73,2,474.1
4546,1844,92,2,455.46
4547,1845,72,3,310.88
4548,1845,13,1,424.42
4549,1846,77,3,82.37
4550,1847,12,3,477.56
4551,1847,28,3,315.85
4552,1848,85,1,310.05
4553,1848,20,1,302.33
4554,1849,41,1,122.45
4555,1850,92,2,455.46
4556,1850,45,2,324.19
4557,1850,12,2,477.56
4558,1851,71,4,250.35
4559,1852,37,3,167.33
4560,1853,41,2,122.45
4561,1854,23,1,32.52
4562,1855,54,5,341.99
4563,1855,20,2,302.33
4564,1855,37,1,167.33
4565,1856,63,1,163.78
4566,1856,85,5,310.05
4567,1857,59,3,453.63
4568,1858,59,1,453.63
4569,1858,66,3,244.34
4570,1859,1,2,341.27
4571,1860,53,2,298.35
4572,1860,70,1,439.46
4573,1861,75,1,120.94
4574,1862,97,1,77.73
4575,1862,100,2,380.07
4576,1863,81,2,135.75
4577,1864,75,2,120.94
4578,1864,40,4,465.16
4579,1865,61,2,214.17
4580,1865,74,1,179.75
4581,1866,77,2,82.37
4582,1867,75,2,120.94
4583,1867,22,2,48.79
4584,1868,17,1,425.88
4585,1868,65,3,392.05
4586,1869,33,1,62.63
4587,1870,20,1,302.33
4588,1870,85,3,310.05
4589,1871,68,1,169.52
4590,1871,5,1,197.87
4591,1872,64,3,79.12
4592,1873,82,1,43.63
4593,1874,15,1,53.9
4594,1875,97,1,77.73
4595,1875,69,2,114.37
4596,1876,56,1,295.88
4597,1876,2,3,119.71
4598,1877,6,4,196.57
4599,1877,13,2,424.42
4600,1878,35,1,144.6
4601,1878,43,3,446.64
4602,1879,87,1,264.83
4603,1879,96,2,349.93
4604,1880,24,2,34.73
4605,1880,41,2,122.45
4606,1881,14,2,343.34
4607,1882,5,1,197.87
4608,1883,28,2,315.85
4609,1883,77,2,82.37
4610,1884,85,3,310.05
4611,1885,33,1,62.63
4612,1885,38,4,49.02
4613,1886,55,2,405.59
4614,1887,36,1,112.6
4615,1887,100,1,380.07
4616,1888,57,1,446.72
4617,1889,63,1,163.78
4618,1890,57,1,446.72
4619,1890,92,1,455.46
4620,1891,3,1,479.96
4621,1891,64,2,79.12
4622,1892,90,1,164.21
4623,1893,99,1,273.19
4624,1893,63,1,163.78
4625,1894,89,3,249.17
4626,1895,46,1,98.83
4627,1895,43,1,446.64
4628,1895,88,5,253.31
4629,1896,44,3,21.82
4630,1896,11,1,128.21
4631,1896,59,1,453.63
4632,1897,39,1,187.34
4633,1897,90,1,164.21
4634,1898,57,1,446.72
4635,1898,95,1,423.64
4636,1898,25,2,366.6
4637,1899,70,2,439.46
4638,1900,3,1,479.96
4639,1900,5,3,197.87
4640,1900,44,1,21.82
4641,1901,59,3,453.63
4642,1901,87,2,264.83
4643,1902,95,1,423.64
4644,1903,6,2,196.57
4645,1903,32,1,244.11
4646,1903,90,2,164.21
4647,1904,79,1,265.84
4648,1905,64,2,79.12
4649,1906,44,3,21.82
4650,1907,88,2,253.31
4651,1908,98,2,223.42
4652,1908,6,1,196.57
4653,1909,90,1,164.21
4654,1910,18,3,250.54
4655,1910,13,2,424.42
4656,1911,1,4,341.27
4657,1911,23,2,32.52
4658,1912,99,1,273.19
4659,1912,61,1,214.17
4660,1912,89,1,249.17
4661,1913,89,1,249.17
4662,1914,39,1,187.34
4663,1915,68,5,169.52
4664,1916,65,2,392.05
4665,1916,29,1,305.3
4666,1916,60,1,210.31
4667,1916,99,1,273.19
4668,1917,64,2,79.12
4669,1917,23,1,32.52
4670,1917,21,2,287.87
4671,1918,98,1,223.42
4672,1919,4,1,194.26
4673,1920,76,1,334.46
4674,1920,75,1,120.94
4675,1921,30,1,242.62
4676,1922,29,1,305.3
4677,1923,28,4,315.85
4678,1924,93,1,258.69
4679,1925,89,2,249.17
4680,1926,54,3,341.99
4681,1926,22,1,48.79
4682,1927,79,2,265.84
4683,1927,22,2,48.79
4684,1928,28,1,315.85
4685,1928,76,1,334.46
4686,1929,42,1,81.98
4687,1930,1,1,341.27
4688,1930,54,1,341.99
4689,1930,6,3,196.57
4690,1931,90,1,164.21
4691,1931,13,1,424.42
4692,1932,28,1,315.85
4693,1933,62,2,215.7
4694,1934,75,5,120.94
4695,1934,4,1,194.26
4696,1935,48,1,415.18
4697,1935,81,2,135.75
4698,1936,43,1,446.64
4699,1936,68,3,169.52
4700,1936,5,2,197.87
4701,1937,88,1,253.31
4702,1938,87,1,264.83
4703,1939,6,1,196.57
4704,1939,47,2,206.98
4705,1940,18,1,250.54
4706,1940,43,1,446.64
4707,1941,97,3,77.73
4708,1941,96,1,349.93
4709,1942,7,1,480.03
4710,1943,16,2,454.47
4711,1943,61,2,214.17
4712,1944,87,4,264.83
4713,1945,12,3,477.56
4714,1945,11,1,128.21
4715,1945,51,4,436.43
4716,1946,64,3,79.12
4717,1946,20,2,302.33
4718,1947,70,1,439.46
4719,1947,17,2,425.88
4720,1947,61,1,214.17
4721,1947,45,1,324.19
4722,1948,43,2,446.64
4723,1948,53,2,298.35
4724,1949,68,1,169.52
4725,1949,71,1,250.35
4726,1950,62,1,215.7
4727,1951,22,2,48.79
4728,1952,23,3,32.52
4729,1953,15,1,53.9
4730,1954,24,1,34.73
4731,1955,19,5,402.89
4732,1955,48,2,415.18
4733,1955,58,1,425.26
4734,1955,70,1,439.46
4735,1956,41,5,122.45
4736,1956,20,2,302.33
4737,1956,1,2,341.27
4738,1957,97,5,77.73
4739,1958,57,2,446.72
4740,1958,44,2,21.82
4741,1959,40,1,465.16
4742,1959,4,3,194.26
4743,1960,83,1,284.61
4744,1961,26,1,438.17
4745,1961,3,3,479.96
4746,1962,51,2,436.43
4747,1962,25,2,366.6
4748,1962,63,1,163.78
4749,1962,41,2,122.45
4750,1963,50,1,243.34
4751,1964,72,3,310.88
4752,1964,12,2,477.56
4753,1964,28,1,315.85
4754,1964,94,1,60.39
4755,1965,76,2,334.46
4756,1966,68,3,169.52
4757,1966,43,1,446.64
4758,1966,9,1,58.75
4759,1966,76,4,334.46
4760,1967,97,1,77.73
4761,1967,18,3,250.54
4762,1968,75,2,120.94
4763,1968,39,1,187.34
4764,1968,64,1,79.12
4765,1969,82,2,43.63
4766,1969,61,1,214.17
4767,1969,16,1,454.47
4768,1969,84,4,153.73
4769,1970,64,2,79.12
4770,1970,9,1,58.75
4771,1971,88,1,253.31
4772,1972,3,1,479.96
4773,1972,34,1,146.82
4774,1973,21,1,287.87
4775,1974,7,4,480.03
4776,1974,38,2,49.02
4777,1974,68,3,169.52
4778,1974,82,1,43.63
4779,1975,41,3,122.45
4780,1975,88,1,253.31
4781,1976,46,1,98.83
4782,1976,19,2,402.89
4783,1977,21,1,287.87
4784,1978,72,2,310.88
4785,1979,90,3,164.21
4786,1979,97,1,77.73
4787,1980,3,1,479.96
4788,1981,77,5,82.37
4789,1981,67,1,276.75
4790,1981,98,1,223.42
4791,1982,19,1,402.89
4792,1982,89,1,249.17
4793,1982,30,5,242.62
4794,1983,3,3,479.96
4795,1984,85,2,310.05
4796,1985,9,1,58.75
4797,1986,27,1,388.74
4798,1986,76,1,334.46
4799,1986,26,1,438.17
4800,1987,45,3,324.19
4801,1987,46,3,98.83
4802,1987,21,2,287.87
4803,1988,98,1,223.42
4804,1988,2,1,119.71
4805,1988,68,1,169.52
4806,1989,28,3,315.85
4807,1989,65,1,392.05
4808,1990,14,3,343.34
4809,1990,24,5,34.73
4810,1991,98,5,223.42
4811,1992,98,1,223.42
4812,1993,64,1,79.12
4813,1994,57,1,446.72
4814,1995,9,3,58.75
4815,1996,2,5,119.71
4816,1997,85,2,310.05
4817,1998,14,4,343.34
4818,1998,95,5,423.64
4819,1999,77,3,82.37
4820,2000,64,1,79.12
